Сервис;Уровень;Аккаунтов;Стоимость без НДС;Стоимость 1 аккаунта;Минут;Период;Примечание;Итого стоимость с НДС с учетом количества аккаунтов
Главный Бухгалтер ПРОФ;Эксперт;1;205,64;246,77;800;окт.25;;246,77
Главный Бухгалтер ПРОФ;Эксперт;2;171,63;205,96;800;окт.25;;411,91
Главный Бухгалтер ПРОФ;Эксперт;3;134,33;161,2;800;окт.25;;483,59
Главный Бухгалтер ПРОФ;Эксперт;4;116,77;140,12;800;окт.25;;560,5
Главный Бухгалтер ПРОФ;Эксперт;5;101,13;121,36;800;окт.25;;606,78
Главный Бухгалтер ПРОФ;Оптимальный;1;121,41;145,69;400;окт.25;;145,69
Главный Бухгалтер ПРОФ;Оптимальный;2;101,16;121,39;400;окт.25;;242,78
Главный Бухгалтер ПРОФ;Оптимальный;3;78,95;94,74;400;окт.25;;284,22
Главный Бухгалтер ПРОФ;Оптимальный;4;68,48;82,18;400;окт.25;;328,7
Главный Бухгалтер ПРОФ;Оптимальный;5;59,16;70,99;400;окт.25;;354,96
Главный Бухгалтер ПРОФ;Базовый;1;31,55;37,86;60;окт.25;;37,86
Главный Бухгалтер ПРОФ;Базовый;2;29,02;34,82;60;окт.25;;69,65
Главный Бухгалтер ПРОФ;Базовый;3;28,86;34,63;60;окт.25;;103,9
Предприятие;Эксперт;1;254,42;305,3;800;окт.25;;305,3
Предприятие;Эксперт;2;212,4;254,88;800;окт.25;;509,76
Предприятие;Эксперт;3;166,21;199,45;800;окт.25;;598,36
Предприятие;Эксперт;4;144,45;173,34;800;окт.25;;693,36
Предприятие;Эксперт;5;125,08;150,1;800;окт.25;;750,48
Предприятие;Эксперт;6;124,49;149,39;800;окт.25;;896,33
Предприятие;Эксперт;7;121,39;145,67;800;окт.25;;1019,68
Предприятие;Эксперт;8;118,33;142;800;окт.25;;1135,97
Предприятие;Эксперт;9;115,38;138,46;800;окт.25;;1246,1
Предприятие;Эксперт;10;112,5;135;800;окт.25;;1350
Предприятие;Оптимальный;1;139,72;167,66;400;окт.25;;167,66
Предприятие;Оптимальный;2;116,32;139,58;400;окт.25;;279,17
Предприятие;Оптимальный;3;90,81;108,97;400;окт.25;;326,92
Предприятие;Оптимальный;4;78,73;94,48;400;окт.25;;377,9
Предприятие;Оптимальный;5;67,99;81,59;400;окт.25;;407,94
Предприятие;Оптимальный;6;67,68;81,22;400;окт.25;;487,3
Предприятие;Оптимальный;7;65,99;79,19;400;окт.25;;554,32
Предприятие;Оптимальный;8;64,35;77,22;400;окт.25;;617,76
Предприятие;Оптимальный;9;62,73;75,28;400;окт.25;;677,48
Предприятие;Оптимальный;10;61,18;73,42;400;окт.25;;734,16
Предприятие;Минимальный;1;36,5;43,8;60;окт.25;;43,8
Предприятие;Минимальный;2;33,56;40,27;60;окт.25;;80,54
Предприятие;Минимальный;3;33,4;40,08;60;окт.25;;120,24
Предприятие;Минимальный;4;33,28;39,94;60;окт.25;;159,74
Предприятие;Минимальный;5;33,09;39,71;60;окт.25;;198,54
Предприятие ПРОФ;Эксперт;1;591,11;709,33;800;окт.25;;709,33
Предприятие ПРОФ;Эксперт;2;493,49;592,19;800;окт.25;;1184,38
Предприятие ПРОФ;Эксперт;3;386,1;463,32;800;окт.25;;1389,96
Предприятие ПРОФ;Эксперт;4;335,73;402,88;800;окт.25;;1611,5
Предприятие ПРОФ;Эксперт;5;290,63;348,76;800;окт.25;;1743,78
Предприятие ПРОФ;Эксперт;6;257,7;309,24;800;окт.25;;1855,44
Предприятие ПРОФ;Эксперт;7;227,7;273,24;800;окт.25;;1912,68
Предприятие ПРОФ;Эксперт;8;203,69;244,43;800;окт.25;;1955,42
Предприятие ПРОФ;Эксперт;9;185,47;222,56;800;окт.25;;2003,08
Предприятие ПРОФ;Эксперт;10;173,28;207,94;800;окт.25;;2079,36
Предприятие ПРОФ;Оптимальный;1;278,09;333,71;400;окт.25;;333,71
Предприятие ПРОФ;Оптимальный;2;231,54;277,85;400;окт.25;;555,7
Предприятие ПРОФ;Оптимальный;3;180,77;216,92;400;окт.25;;650,77
Предприятие ПРОФ;Оптимальный;4;156,83;188,2;400;окт.25;;752,78
Предприятие ПРОФ;Оптимальный;5;135,46;162,55;400;окт.25;;812,76
Предприятие ПРОФ;Оптимальный;6;119,78;143,74;400;окт.25;;862,42
Предприятие ПРОФ;Оптимальный;7;105,55;126,66;400;окт.25;;886,62
Предприятие ПРОФ;Оптимальный;8;94,23;113,08;400;окт.25;;904,61
Предприятие ПРОФ;Оптимальный;9;85,56;102,67;400;окт.25;;924,05
Предприятие ПРОФ;Оптимальный;10;79,71;95,65;400;окт.25;;956,52
Предприятие ПРОФ;Минимальный;1;47,74;57,29;60;окт.25;;57,29
Предприятие ПРОФ;Минимальный;2;43,87;52,64;60;окт.25;;105,29
Предприятие ПРОФ;Минимальный;3;40,33;48,4;60;окт.25;;145,19
Предприятие ПРОФ;Минимальный;4;37;44,4;60;окт.25;;177,6
Предприятие ПРОФ;Минимальный;5;34;40,8;60;окт.25;;204
Предприятие ПРОФ;Минимальный;6;31,26;37,51;60;окт.25;;225,07
Предприятие ПРОФ;Минимальный;7;28,12;33,74;60;окт.25;;236,21
Предприятие ПРОФ;Минимальный;8;25,29;30,35;60;окт.25;;242,78
Предприятие ПРОФ;Минимальный;9;22,8;27,36;60;окт.25;;246,24
Предприятие ПРОФ;Минимальный;10;20,77;24,92;60;окт.25;;249,24
VIP Предприятие;Эксперт;1;748,75;898,5;800;окт.25;;898,5
VIP Предприятие;Эксперт;2;664,03;796,84;800;окт.25;;1593,67
VIP Предприятие;Эксперт;3;588,9;706,68;800;окт.25;;2120,04
VIP Предприятие;Эксперт;4;522,24;626,69;800;окт.25;;2506,75
VIP Предприятие;Эксперт;5;463,05;555,66;800;окт.25;;2778,3
VIP Предприятие;Эксперт;6;410,45;492,54;800;окт.25;;2955,24
VIP Предприятие;Эксперт;7;362,85;435,42;800;окт.25;;3047,94
VIP Предприятие;Эксперт;8;324,63;389,56;800;окт.25;;3116,45
VIP Предприятие;Эксперт;9;295,34;354,41;800;окт.25;;3189,67
VIP Предприятие;Эксперт;10;275,86;331,03;800;окт.25;;3310,32
VIP Предприятие;Оптимальный;1;459,05;550,86;400;окт.25;;550,86
VIP Предприятие;Оптимальный;2;406,2;487,44;400;окт.25;;974,88
VIP Предприятие;Оптимальный;3;359,37;431,24;400;окт.25;;1293,73
VIP Предприятие;Оптимальный;4;317,91;381,49;400;окт.25;;1525,97
VIP Предприятие;Оптимальный;5;281,17;337,4;400;окт.25;;1687,02
VIP Предприятие;Оптимальный;6;248,67;298,4;400;окт.25;;1790,42
VIP Предприятие;Оптимальный;7;219,25;263,1;400;окт.25;;1841,7
VIP Предприятие;Оптимальный;8;195,68;234,82;400;окт.25;;1878,53
VIP Предприятие;Оптимальный;9;177,65;213,18;400;окт.25;;1918,62
VIP Предприятие;Оптимальный;10;165,52;198,62;400;окт.25;;1986,24
VIP Предприятие;Минимальный;1;55,63;66,76;60;окт.25;;66,76
VIP Предприятие;Минимальный;2;51,11;61,33;60;окт.25;;122,66
VIP Предприятие;Минимальный;3;46,92;56,3;60;окт.25;;168,91
VIP Предприятие;Минимальный;4;43,16;51,79;60;окт.25;;207,17
VIP Предприятие;Минимальный;5;39,63;47,56;60;окт.25;;237,78
VIP Предприятие;Минимальный;6;36,42;43,7;60;окт.25;;262,22
VIP Предприятие;Минимальный;7;32,79;39,35;60;окт.25;;275,44
VIP Предприятие;Минимальный;8;29,5;35,4;60;окт.25;;283,2
VIP Предприятие;Минимальный;9;26,55;31,86;60;окт.25;;286,74
VIP Предприятие;Минимальный;10;24,16;28,99;60;окт.25;;289,92
Доппакет НМВ;;;13,8;16,56;60;окт.25;;16,56
Главный Бухгалтер ПРОФ (1 пользователь);Эксперт;1;406,4;487,68;800;окт.25;;487,68
Предприятие (1 пользователь);Эксперт;1;518,19;621,83;800;окт.25;;621,83
Предприятие (1 пользователь);Оптимальный;1;203,12;243,74;400;окт.25;;243,74
Предприятие (1 пользователь);Минимальный;1;84,77;101,72;60;окт.25;;101,72
Предприятие ПРОФ (1 пользователь);Эксперт;1;955,87;1147,04;800;окт.25;;1147,04
Предприятие ПРОФ (1 пользователь);Оптимальный;1;365,61;438,73;400;окт.25;;438,73
Предприятие ПРОФ (1 пользователь);Минимальный;1;152,45;182,94;60;окт.25;;182,94
VIP Предприятие (1 пользователь);Эксперт;1;1942,01;2330,41;800;окт.25;;2330,41
VIP Предприятие (1 пользователь);Оптимальный;1;750,07;900,08;400;окт.25;;900,08
VIP Предприятие (1 пользователь);Минимальный;1;324,07;388,88;60;окт.25;;388,88
Доппакет НОВ;;;13,39;16,07;60;окт.25;;16,07
Комплекс коммерческий Главный Бухгалтер ПРОФ;Эксперт;1;205,64;246,77;800;окт.25;;246,77
Комплекс коммерческий Главный Бухгалтер ПРОФ;Эксперт;2;171,63;205,96;800;окт.25;;411,91
Комплекс коммерческий Главный Бухгалтер ПРОФ;Эксперт;3;134,33;161,2;800;окт.25;;483,59
Комплекс коммерческий Главный Бухгалтер ПРОФ;Эксперт;4;116,77;140,12;800;окт.25;;560,5
Комплекс коммерческий Главный Бухгалтер ПРОФ;Эксперт;5;101,13;121,36;800;окт.25;;606,78
Комплекс коммерческий Главный Бухгалтер ПРОФ;Оптимальный;1;121,41;145,69;400;окт.25;;145,69
Комплекс коммерческий Главный Бухгалтер ПРОФ;Оптимальный;2;101,16;121,39;400;окт.25;;242,78
Комплекс коммерческий Главный Бухгалтер ПРОФ;Оптимальный;3;78,95;94,74;400;окт.25;;284,22
Комплекс коммерческий Главный Бухгалтер ПРОФ;Оптимальный;4;68,48;82,18;400;окт.25;;328,7
Комплекс коммерческий Главный Бухгалтер ПРОФ;Оптимальный;5;59,16;70,99;400;окт.25;;354,96
Комплекс коммерческий Главный Бухгалтер ПРОФ;Базовый;1;31,55;37,86;60;окт.25;;37,86
Комплекс коммерческий Главный Бухгалтер ПРОФ;Базовый;2;29,02;34,82;60;окт.25;;69,65
Комплекс коммерческий Главный Бухгалтер ПРОФ;Базовый;3;28,86;34,63;60;окт.25;;103,9
Комплекс коммерческий Предприятие;Эксперт;1;254,42;305,3;800;окт.25;;305,3
Комплекс коммерческий Предприятие;Эксперт;2;212,4;254,88;800;окт.25;;509,76
Комплекс коммерческий Предприятие;Эксперт;3;166,21;199,45;800;окт.25;;598,36
Комплекс коммерческий Предприятие;Эксперт;4;144,45;173,34;800;окт.25;;693,36
Комплекс коммерческий Предприятие;Эксперт;5;125,08;150,1;800;окт.25;;750,48
Комплекс коммерческий Предприятие;Эксперт;6;124,49;149,39;800;окт.25;;896,33
Комплекс коммерческий Предприятие;Эксперт;7;121,39;145,67;800;окт.25;;1019,68
Комплекс коммерческий Предприятие;Эксперт;8;118,33;142;800;окт.25;;1135,97
Комплекс коммерческий Предприятие;Эксперт;9;115,38;138,46;800;окт.25;;1246,1
Комплекс коммерческий Предприятие;Эксперт;10;112,5;135;800;окт.25;;1350
Комплекс коммерческий Предприятие;Оптимальный;1;139,72;167,66;400;окт.25;;167,66
Комплекс коммерческий Предприятие;Оптимальный;2;116,32;139,58;400;окт.25;;279,17
Комплекс коммерческий Предприятие;Оптимальный;3;90,81;108,97;400;окт.25;;326,92
Комплекс коммерческий Предприятие;Оптимальный;4;78,73;94,48;400;окт.25;;377,9
Комплекс коммерческий Предприятие;Оптимальный;5;67,99;81,59;400;окт.25;;407,94
Комплекс коммерческий Предприятие;Оптимальный;6;67,68;81,22;400;окт.25;;487,3
Комплекс коммерческий Предприятие;Оптимальный;7;65,99;79,19;400;окт.25;;554,32
Комплекс коммерческий Предприятие;Оптимальный;8;64,35;77,22;400;окт.25;;617,76
Комплекс коммерческий Предприятие;Оптимальный;9;62,73;75,28;400;окт.25;;677,48
Комплекс коммерческий Предприятие;Оптимальный;10;61,18;73,42;400;окт.25;;734,16
Комплекс коммерческий Предприятие;Минимальный;1;36,5;43,8;60;окт.25;;43,8
Комплекс коммерческий Предприятие;Минимальный;2;33,56;40,27;60;окт.25;;80,54
Комплекс коммерческий Предприятие;Минимальный;3;33,4;40,08;60;окт.25;;120,24
Комплекс коммерческий Предприятие;Минимальный;4;33,28;39,94;60;окт.25;;159,74
Комплекс коммерческий Предприятие;Минимальный;5;33,09;39,71;60;окт.25;;198,54
Комплекс коммерческий Предприятие ПРОФ;Эксперт;1;591,11;709,33;800;окт.25;;709,33
Комплекс коммерческий Предприятие ПРОФ;Эксперт;2;493,49;592,19;800;окт.25;;1184,38
Комплекс коммерческий Предприятие ПРОФ;Эксперт;3;386,1;463,32;800;окт.25;;1389,96
Комплекс коммерческий Предприятие ПРОФ;Эксперт;4;335,73;402,88;800;окт.25;;1611,5
Комплекс коммерческий Предприятие ПРОФ;Эксперт;5;290,63;348,76;800;окт.25;;1743,78
Комплекс коммерческий Предприятие ПРОФ;Эксперт;6;257,7;309,24;800;окт.25;;1855,44
Комплекс коммерческий Предприятие ПРОФ;Эксперт;7;227,7;273,24;800;окт.25;;1912,68
Комплекс коммерческий Предприятие ПРОФ;Эксперт;8;203,69;244,43;800;окт.25;;1955,42
Комплекс коммерческий Предприятие ПРОФ;Эксперт;9;185,47;222,56;800;окт.25;;2003,08
Комплекс коммерческий Предприятие ПРОФ;Эксперт;10;173,28;207,94;800;окт.25;;2079,36
Комплекс коммерческий Предприятие ПРОФ;Оптимальный;1;278,09;333,71;400;окт.25;;333,71
Комплекс коммерческий Предприятие ПРОФ;Оптимальный;2;231,54;277,85;400;окт.25;;555,7
Комплекс коммерческий Предприятие ПРОФ;Оптимальный;3;180,77;216,92;400;окт.25;;650,77
Комплекс коммерческий Предприятие ПРОФ;Оптимальный;4;156,83;188,2;400;окт.25;;752,78
Комплекс коммерческий Предприятие ПРОФ;Оптимальный;5;135,46;162,55;400;окт.25;;812,76
Комплекс коммерческий Предприятие ПРОФ;Оптимальный;6;119,78;143,74;400;окт.25;;862,42
Комплекс коммерческий Предприятие ПРОФ;Оптимальный;7;105,55;126,66;400;окт.25;;886,62
Комплекс коммерческий Предприятие ПРОФ;Оптимальный;8;94,23;113,08;400;окт.25;;904,61
Комплекс коммерческий Предприятие ПРОФ;Оптимальный;9;85,56;102,67;400;окт.25;;924,05
Комплекс коммерческий Предприятие ПРОФ;Оптимальный;10;79,71;95,65;400;окт.25;;956,52
Комплекс коммерческий Предприятие ПРОФ;Минимальный;1;47,74;57,29;60;окт.25;;57,29
Комплекс коммерческий Предприятие ПРОФ;Минимальный;2;43,87;52,64;60;окт.25;;105,29
Комплекс коммерческий Предприятие ПРОФ;Минимальный;3;40,33;48,4;60;окт.25;;145,19
Комплекс коммерческий Предприятие ПРОФ;Минимальный;4;37;44,4;60;окт.25;;177,6
Комплекс коммерческий Предприятие ПРОФ;Минимальный;5;34;40,8;60;окт.25;;204
Комплекс коммерческий Предприятие ПРОФ;Минимальный;6;31,26;37,51;60;окт.25;;225,07
Комплекс коммерческий Предприятие ПРОФ;Минимальный;7;28,12;33,74;60;окт.25;;236,21
Комплекс коммерческий Предприятие ПРОФ;Минимальный;8;25,29;30,35;60;окт.25;;242,78
Комплекс коммерческий Предприятие ПРОФ;Минимальный;9;22,8;27,36;60;окт.25;;246,24
Комплекс коммерческий Предприятие ПРОФ;Минимальный;10;20,77;24,92;60;окт.25;;249,24
Комплекс коммерческий VIP Предприятие;Эксперт;1;748,75;898,5;800;окт.25;;898,5
Комплекс коммерческий VIP Предприятие;Эксперт;2;664,03;796,84;800;окт.25;;1593,67
Комплекс коммерческий VIP Предприятие;Эксперт;3;588,9;706,68;800;окт.25;;2120,04
Комплекс коммерческий VIP Предприятие;Эксперт;4;522,24;626,69;800;окт.25;;2506,75
Комплекс коммерческий VIP Предприятие;Эксперт;5;463,05;555,66;800;окт.25;;2778,3
Комплекс коммерческий VIP Предприятие;Эксперт;6;410,45;492,54;800;окт.25;;2955,24
Комплекс коммерческий VIP Предприятие;Эксперт;7;362,85;435,42;800;окт.25;;3047,94
Комплекс коммерческий VIP Предприятие;Эксперт;8;324,63;389,56;800;окт.25;;3116,45
Комплекс коммерческий VIP Предприятие;Эксперт;9;295,34;354,41;800;окт.25;;3189,67
Комплекс коммерческий VIP Предприятие;Эксперт;10;275,86;331,03;800;окт.25;;3310,32
Комплекс коммерческий VIP Предприятие;Оптимальный;1;459,05;550,86;400;окт.25;;550,86
Комплекс коммерческий VIP Предприятие;Оптимальный;2;406,2;487,44;400;окт.25;;974,88
Комплекс коммерческий VIP Предприятие;Оптимальный;3;359,37;431,24;400;окт.25;;1293,73
Комплекс коммерческий VIP Предприятие;Оптимальный;4;317,91;381,49;400;окт.25;;1525,97
Комплекс коммерческий VIP Предприятие;Оптимальный;5;281,17;337,4;400;окт.25;;1687,02
Комплекс коммерческий VIP Предприятие;Оптимальный;6;248,67;298,4;400;окт.25;;1790,42
Комплекс коммерческий VIP Предприятие;Оптимальный;7;219,25;263,1;400;окт.25;;1841,7
Комплекс коммерческий VIP Предприятие;Оптимальный;8;195,68;234,82;400;окт.25;;1878,53
Комплекс коммерческий VIP Предприятие;Оптимальный;9;177,65;213,18;400;окт.25;;1918,62
Комплекс коммерческий VIP Предприятие;Оптимальный;10;165,52;198,62;400;окт.25;;1986,24
Комплекс коммерческий VIP Предприятие;Минимальный;1;55,63;66,76;60;окт.25;;66,76
Комплекс коммерческий VIP Предприятие;Минимальный;2;51,11;61,33;60;окт.25;;122,66
Комплекс коммерческий VIP Предприятие;Минимальный;3;46,92;56,3;60;окт.25;;168,91
Комплекс коммерческий VIP Предприятие;Минимальный;4;43,16;51,79;60;окт.25;;207,17
Комплекс коммерческий VIP Предприятие;Минимальный;5;39,63;47,56;60;окт.25;;237,78
Комплекс коммерческий VIP Предприятие;Минимальный;6;36,42;43,7;60;окт.25;;262,22
Комплекс коммерческий VIP Предприятие;Минимальный;7;32,79;39,35;60;окт.25;;275,44
Комплекс коммерческий VIP Предприятие;Минимальный;8;29,5;35,4;60;окт.25;;283,2
Комплекс коммерческий VIP Предприятие;Минимальный;9;26,55;31,86;60;окт.25;;286,74
Комплекс коммерческий VIP Предприятие;Минимальный;10;24,16;28,99;60;окт.25;;289,92
Доппакет МВ Комплекс;;;13,8;16,56;60;окт.25;;16,56
Комплекс коммерческий Главный Бухгалтер ПРОФ (1 пользователь);Эксперт;1;406,4;487,68;800;окт.25;;487,68
Комплекс коммерческий Предприятие (1 пользователь);Эксперт;1;518,19;621,83;800;окт.25;;621,83
Комплекс коммерческий Предприятие (1 пользователь);Оптимальный;1;203,12;243,74;400;окт.25;;243,74
Комплекс коммерческий Предприятие (1 пользователь);Минимальный;1;84,77;101,72;60;окт.25;;101,72
Комплекс коммерческий Предприятие ПРОФ (1 пользователь);Эксперт;1;955,87;1147,04;800;окт.25;;1147,04
Комплекс коммерческий Предприятие ПРОФ (1 пользователь);Оптимальный;1;365,61;438,73;400;окт.25;;438,73
Комплекс коммерческий Предприятие ПРОФ (1 пользователь);Минимальный;1;152,45;182,94;60;окт.25;;182,94
Комплекс коммерческий VIP Предприятие (1 пользователь);Эксперт;1;1942,01;2330,41;800;окт.25;;2330,41
Комплекс коммерческий VIP Предприятие (1 пользователь);Оптимальный;1;750,07;900,08;400;окт.25;;900,08
Комплекс коммерческий VIP Предприятие (1 пользователь);Минимальный;1;324,07;388,88;60;окт.25;;388,88
Доппакет ОВ Комплекс;;;13,39;16,07;60;окт.25;;16,07
Пакет Программ Главный Бухгалтер, Podpis (1 пользователь, ЛД);Эксперт;1;197,11;236,53;600;окт.25;;236,53
Пакет Программ Главный Бухгалтер, Podpis (1 пользователь, ЛД);Оптимальный Плюс;1;92,06;110,47;300/600;окт.25;;110,47
Пакет Программ Главный Бухгалтер, Podpis (1 пользователь, ЛД);Оптимальный;1;79,17;95;300;окт.25;;95
Пакет Программ Главный Бухгалтер, Podpis (1 пользователь, ЛД);Базовый;1;34,6;41,52;60;окт.25;;41,52
Пакет Программ Главный Бухгалтер ПРОФ, Podpis (1 пользователь, ЛД);Эксперт;1;406,4;487,68;800;окт.25;;487,68
Пакет Программ Главный Бухгалтер ПРОФ, Podpis (1 пользователь, ЛД);Оптимальный Плюс;1;200,14;240,17;400/800;окт.25;;240,17
Пакет Программ Главный Бухгалтер ПРОФ, Podpis (1 пользователь, ЛД);Оптимальный;1;172,39;206,87;400;окт.25;;206,87
Пакет Программ Главный Бухгалтер ПРОФ, Podpis (1 пользователь, ЛД);Базовый;1;71,5;85,8;60;окт.25;;85,8
Доппакет ЛД Podpis;;;13,39;16,07;60;окт.25;;16,07
Пакет Программ Главный Бухгалтер, Podpis, ilex.Накладные (1 пользователь, ЛД);Эксперт;1;197,11;236,53;600;окт.25;;236,53
Пакет Программ Главный Бухгалтер, Podpis, ilex.Накладные (1 пользователь, ЛД);Оптимальный Плюс;1;92,06;110,47;300/600;окт.25;;110,47
Пакет Программ Главный Бухгалтер, Podpis, ilex.Накладные (1 пользователь, ЛД);Оптимальный;1;79,17;95;300;окт.25;;95
Пакет Программ Главный Бухгалтер, Podpis, ilex.Накладные (1 пользователь, ЛД);Базовый;1;34,6;41,52;60;окт.25;;41,52
Пакет Программ Главный Бухгалтер ПРОФ, Podpis, ilex.Накладные (1 пользователь, ЛД);Эксперт;1;406,4;487,68;800;окт.25;;487,68
Пакет Программ Главный Бухгалтер ПРОФ, Podpis, ilex.Накладные (1 пользователь, ЛД);Оптимальный Плюс;1;200,14;240,17;400/800;окт.25;;240,17
Пакет Программ Главный Бухгалтер ПРОФ, Podpis, ilex.Накладные (1 пользователь, ЛД);Оптимальный;1;172,39;206,87;400;окт.25;;206,87
Пакет Программ Главный Бухгалтер ПРОФ, Podpis, ilex.Накладные (1 пользователь, ЛД);Базовый;1;71,5;85,8;60;окт.25;;85,8
Доппакет ЛД Накладные;;;13,39;16,07;60;окт.25;;16,07
Главный Бухгалтер ПРОФ;Эксперт;1;200,89;241,07;800;авг.25;;241,07
Главный Бухгалтер ПРОФ;Эксперт;2;167,33;200,8;800;авг.25;;401,59
Главный Бухгалтер ПРОФ;Эксперт;3;130,71;156,85;800;авг.25;;470,56
Главный Бухгалтер ПРОФ;Эксперт;4;113,4;136,08;800;авг.25;;544,32
Главный Бухгалтер ПРОФ;Эксперт;5;98,02;117,62;800;авг.25;;588,12
Главный Бухгалтер ПРОФ;Оптимальный;1;119,55;143,46;400;авг.25;;143,46
Главный Бухгалтер ПРОФ;Оптимальный;2;99,41;119,29;400;авг.25;;238,58
Главный Бухгалтер ПРОФ;Оптимальный;3;77,44;92,93;400;авг.25;;278,78
Главный Бухгалтер ПРОФ;Оптимальный;4;67,03;80,44;400;авг.25;;321,74
Главный Бухгалтер ПРОФ;Оптимальный;5;57,8;69,36;400;авг.25;;346,8
Главный Бухгалтер ПРОФ;Базовый;1;31,25;37,5;60;авг.25;;37,5
Главный Бухгалтер ПРОФ;Базовый;2;28,69;34,43;60;авг.25;;68,86
Главный Бухгалтер ПРОФ;Базовый;3;28,47;34,16;60;авг.25;;102,49
Предприятие;Эксперт;1;247,56;297,07;800;авг.25;;297,07
Предприятие;Эксперт;2;206,27;247,52;800;авг.25;;495,05
Предприятие;Эксперт;3;161,1;193,32;800;авг.25;;579,96
Предприятие;Эксперт;4;139,73;167,68;800;авг.25;;670,7
Предприятие;Эксперт;5;120,76;144,91;800;авг.25;;724,56
Предприятие;Эксперт;6;119,95;143,94;800;авг.25;;863,64
Предприятие;Эксперт;7;116,97;140,36;800;авг.25;;982,55
Предприятие;Эксперт;8;114,02;136,82;800;авг.25;;1094,59
Предприятие;Эксперт;9;111,17;133,4;800;авг.25;;1200,64
Предприятие;Эксперт;10;108,39;130,07;800;авг.25;;1300,68
Предприятие;Оптимальный;1;137,04;164,45;400;авг.25;;164,45
Предприятие;Оптимальный;2;113,86;136,63;400;авг.25;;273,26
Предприятие;Оптимальный;3;88,71;106,45;400;авг.25;;319,36
Предприятие;Оптимальный;4;76,76;92,11;400;авг.25;;368,45
Предприятие;Оптимальный;5;66,16;79,39;400;авг.25;;396,96
Предприятие;Оптимальный;6;65,73;78,88;400;авг.25;;473,26
Предприятие;Оптимальный;7;64,09;76,91;400;авг.25;;538,36
Предприятие;Оптимальный;8;62,49;74,99;400;авг.25;;599,9
Предприятие;Оптимальный;9;60,92;73,1;400;авг.25;;657,94
Предприятие;Оптимальный;10;59,42;71,3;400;авг.25;;713,04
Предприятие;Минимальный;1;36,09;43,31;60;авг.25;;43,31
Предприятие;Минимальный;2;33,11;39,73;60;авг.25;;79,46
Предприятие;Минимальный;3;32,89;39,47;60;авг.25;;118,4
Предприятие;Минимальный;4;32,71;39,25;60;авг.25;;157,01
Предприятие;Минимальный;5;32,46;38,95;60;авг.25;;194,76
Предприятие ПРОФ;Эксперт;1;571,26;685,51;800;авг.25;;685,51
Предприятие ПРОФ;Эксперт;2;475,98;571,18;800;авг.25;;1142,35
Предприятие ПРОФ;Эксперт;3;371,67;446;800;авг.25;;1338,01
Предприятие ПРОФ;Эксперт;4;322,54;387,05;800;авг.25;;1548,19
Предприятие ПРОФ;Эксперт;5;278,67;334,4;800;авг.25;;1672,02
Предприятие ПРОФ;Эксперт;6;246,61;295,93;800;авг.25;;1775,59
Предприятие ПРОФ;Эксперт;7;217,9;261,48;800;авг.25;;1830,36
Предприятие ПРОФ;Эксперт;8;194,93;233,92;800;авг.25;;1871,33
Предприятие ПРОФ;Эксперт;9;177,49;212,99;800;авг.25;;1916,89
Предприятие ПРОФ;Эксперт;10;165,83;199;800;авг.25;;1989,96
Предприятие ПРОФ;Оптимальный;1;270,87;325,04;400;авг.25;;325,04
Предприятие ПРОФ;Оптимальный;2;225,09;270,11;400;авг.25;;540,22
Предприятие ПРОФ;Оптимальный;3;175,39;210,47;400;авг.25;;631,4
Предприятие ПРОФ;Оптимальный;4;151,86;182,23;400;авг.25;;728,93
Предприятие ПРОФ;Оптимальный;5;130,91;157,09;400;авг.25;;785,46
Предприятие ПРОФ;Оптимальный;6;115,53;138,64;400;авг.25;;831,82
Предприятие ПРОФ;Оптимальный;7;101,81;122,17;400;авг.25;;855,2
Предприятие ПРОФ;Оптимальный;8;90,89;109,07;400;авг.25;;872,54
Предприятие ПРОФ;Оптимальный;9;82,52;99,02;400;авг.25;;891,22
Предприятие ПРОФ;Оптимальный;10;76,88;92,26;400;авг.25;;922,56
Предприятие ПРОФ;Минимальный;1;46,87;56,24;60;авг.25;;56,24
Предприятие ПРОФ;Минимальный;2;42,99;51,59;60;авг.25;;103,18
Предприятие ПРОФ;Минимальный;3;39,44;47,33;60;авг.25;;141,98
Предприятие ПРОФ;Минимальный;4;36,11;43,33;60;авг.25;;173,33
Предприятие ПРОФ;Минимальный;5;33,12;39,74;60;авг.25;;198,72
Предприятие ПРОФ;Минимальный;6;30,39;36,47;60;авг.25;;218,81
Предприятие ПРОФ;Минимальный;7;27,34;32,81;60;авг.25;;229,66
Предприятие ПРОФ;Минимальный;8;24,58;29,5;60;авг.25;;235,97
Предприятие ПРОФ;Минимальный;9;22,16;26,59;60;авг.25;;239,33
Предприятие ПРОФ;Минимальный;10;20,19;24,23;60;авг.25;;242,28
VIP Предприятие;Эксперт;1;722,17;866,6;800;авг.25;;866,6
VIP Предприятие;Эксперт;2;639,21;767,05;800;авг.25;;1534,1
VIP Предприятие;Эксперт;3;565,78;678,94;800;авг.25;;2036,81
VIP Предприятие;Эксперт;4;500,75;600,9;800;авг.25;;2403,6
VIP Предприятие;Эксперт;5;443,13;531,76;800;авг.25;;2658,78
VIP Предприятие;Эксперт;6;392,03;470,44;800;авг.25;;2822,62
VIP Предприятие;Эксперт;7;346,56;415,87;800;авг.25;;2911,1
VIP Предприятие;Эксперт;8;310,06;372,07;800;авг.25;;2976,58
VIP Предприятие;Эксперт;9;282,08;338,5;800;авг.25;;3046,46
VIP Предприятие;Эксперт;10;263,48;316,18;800;авг.25;;3161,76
VIP Предприятие;Оптимальный;1;446,26;535,51;400;авг.25;;535,51
VIP Предприятие;Оптимальный;2;394,1;472,92;400;авг.25;;945,84
VIP Предприятие;Оптимальный;3;347,98;417,58;400;авг.25;;1252,73
VIP Предприятие;Оптимальный;4;307,23;368,68;400;авг.25;;1474,7
VIP Предприятие;Оптимальный;5;271,2;325,44;400;авг.25;;1627,2
VIP Предприятие;Оптимальный;6;239,38;287,26;400;авг.25;;1723,54
VIP Предприятие;Оптимальный;7;211,06;253,27;400;авг.25;;1772,9
VIP Предприятие;Оптимальный;8;188,36;226,03;400;авг.25;;1808,26
VIP Предприятие;Оптимальный;9;171,01;205,21;400;авг.25;;1846,91
VIP Предприятие;Оптимальный;10;159,33;191,2;400;авг.25;;1911,96
VIP Предприятие;Минимальный;1;54,51;65,41;60;авг.25;;65,41
VIP Предприятие;Минимальный;2;49,98;59,98;60;авг.25;;119,95
VIP Предприятие;Минимальный;3;45,8;54,96;60;авг.25;;164,88
VIP Предприятие;Минимальный;4;42,04;50,45;60;авг.25;;201,79
VIP Предприятие;Минимальный;5;38,52;46,22;60;авг.25;;231,12
VIP Предприятие;Минимальный;6;35,33;42,4;60;авг.25;;254,38
VIP Предприятие;Минимальный;7;31,81;38,17;60;авг.25;;267,2
VIP Предприятие;Минимальный;8;28,62;34,34;60;авг.25;;274,75
VIP Предприятие;Минимальный;9;25,76;30,91;60;авг.25;;278,21
VIP Предприятие;Минимальный;10;23,44;28,13;60;авг.25;;281,28
Доппакет НМВ;;;13,18;15,82;60;авг.25;;15,82
Главный Бухгалтер ПРОФ (1 пользователь);Эксперт;1;397,02;476,42;800;авг.25;;476,42
Предприятие (1 пользователь);Эксперт;1;504,24;605,09;800;авг.25;;605,09
Предприятие (1 пользователь);Оптимальный;1;199,21;239,05;400;авг.25;;239,05
Предприятие (1 пользователь);Минимальный;1;83,8;100,56;60;авг.25;;100,56
Предприятие ПРОФ (1 пользователь);Эксперт;1;923,76;1108,51;800;авг.25;;1108,51
Предприятие ПРОФ (1 пользователь);Оптимальный;1;356,13;427,36;400;авг.25;;427,36
Предприятие ПРОФ (1 пользователь);Минимальный;1;149,67;179,6;60;авг.25;;179,6
VIP Предприятие (1 пользователь);Эксперт;1;1873,09;2247,71;800;авг.25;;2247,71
VIP Предприятие (1 пользователь);Оптимальный;1;729,17;875;400;авг.25;;875
VIP Предприятие (1 пользователь);Минимальный;1;317,54;381,05;60;авг.25;;381,05
Доппакет НОВ;;;12,79;15,35;60;авг.25;;15,35
Комплекс коммерческий Главный Бухгалтер ПРОФ;Эксперт;1;200,89;241,07;800;авг.25;;241,07
Комплекс коммерческий Главный Бухгалтер ПРОФ;Эксперт;2;167,33;200,8;800;авг.25;;401,59
Комплекс коммерческий Главный Бухгалтер ПРОФ;Эксперт;3;130,71;156,85;800;авг.25;;470,56
Комплекс коммерческий Главный Бухгалтер ПРОФ;Эксперт;4;113,4;136,08;800;авг.25;;544,32
Комплекс коммерческий Главный Бухгалтер ПРОФ;Эксперт;5;98,02;117,62;800;авг.25;;588,12
Комплекс коммерческий Главный Бухгалтер ПРОФ;Оптимальный;1;119,55;143,46;400;авг.25;;143,46
Комплекс коммерческий Главный Бухгалтер ПРОФ;Оптимальный;2;99,41;119,29;400;авг.25;;238,58
Комплекс коммерческий Главный Бухгалтер ПРОФ;Оптимальный;3;77,44;92,93;400;авг.25;;278,78
Комплекс коммерческий Главный Бухгалтер ПРОФ;Оптимальный;4;67,03;80,44;400;авг.25;;321,74
Комплекс коммерческий Главный Бухгалтер ПРОФ;Оптимальный;5;57,8;69,36;400;авг.25;;346,8
Комплекс коммерческий Главный Бухгалтер ПРОФ;Базовый;1;31,25;37,5;60;авг.25;;37,5
Комплекс коммерческий Главный Бухгалтер ПРОФ;Базовый;2;28,69;34,43;60;авг.25;;68,86
Комплекс коммерческий Главный Бухгалтер ПРОФ;Базовый;3;28,47;34,16;60;авг.25;;102,49
Комплекс коммерческий Предприятие;Эксперт;1;247,56;297,07;800;авг.25;;297,07
Комплекс коммерческий Предприятие;Эксперт;2;206,27;247,52;800;авг.25;;495,05
Комплекс коммерческий Предприятие;Эксперт;3;161,1;193,32;800;авг.25;;579,96
Комплекс коммерческий Предприятие;Эксперт;4;139,73;167,68;800;авг.25;;670,7
Комплекс коммерческий Предприятие;Эксперт;5;120,76;144,91;800;авг.25;;724,56
Комплекс коммерческий Предприятие;Эксперт;6;119,95;143,94;800;авг.25;;863,64
Комплекс коммерческий Предприятие;Эксперт;7;116,97;140,36;800;авг.25;;982,55
Комплекс коммерческий Предприятие;Эксперт;8;114,02;136,82;800;авг.25;;1094,59
Комплекс коммерческий Предприятие;Эксперт;9;111,17;133,4;800;авг.25;;1200,64
Комплекс коммерческий Предприятие;Эксперт;10;108,39;130,07;800;авг.25;;1300,68
Комплекс коммерческий Предприятие;Оптимальный;1;137,04;164,45;400;авг.25;;164,45
Комплекс коммерческий Предприятие;Оптимальный;2;113,86;136,63;400;авг.25;;273,26
Комплекс коммерческий Предприятие;Оптимальный;3;88,71;106,45;400;авг.25;;319,36
Комплекс коммерческий Предприятие;Оптимальный;4;76,76;92,11;400;авг.25;;368,45
Комплекс коммерческий Предприятие;Оптимальный;5;66,16;79,39;400;авг.25;;396,96
Комплекс коммерческий Предприятие;Оптимальный;6;65,73;78,88;400;авг.25;;473,26
Комплекс коммерческий Предприятие;Оптимальный;7;64,09;76,91;400;авг.25;;538,36
Комплекс коммерческий Предприятие;Оптимальный;8;62,49;74,99;400;авг.25;;599,9
Комплекс коммерческий Предприятие;Оптимальный;9;60,92;73,1;400;авг.25;;657,94
Комплекс коммерческий Предприятие;Оптимальный;10;59,42;71,3;400;авг.25;;713,04
Комплекс коммерческий Предприятие;Минимальный;1;36,09;43,31;60;авг.25;;43,31
Комплекс коммерческий Предприятие;Минимальный;2;33,11;39,73;60;авг.25;;79,46
Комплекс коммерческий Предприятие;Минимальный;3;32,89;39,47;60;авг.25;;118,4
Комплекс коммерческий Предприятие;Минимальный;4;32,71;39,25;60;авг.25;;157,01
Комплекс коммерческий Предприятие;Минимальный;5;32,46;38,95;60;авг.25;;194,76
Комплекс коммерческий Предприятие ПРОФ;Эксперт;1;571,26;685,51;800;авг.25;;685,51
Комплекс коммерческий Предприятие ПРОФ;Эксперт;2;475,98;571,18;800;авг.25;;1142,35
Комплекс коммерческий Предприятие ПРОФ;Эксперт;3;371,67;446;800;авг.25;;1338,01
Комплекс коммерческий Предприятие ПРОФ;Эксперт;4;322,54;387,05;800;авг.25;;1548,19
Комплекс коммерческий Предприятие ПРОФ;Эксперт;5;278,67;334,4;800;авг.25;;1672,02
Комплекс коммерческий Предприятие ПРОФ;Эксперт;6;246,61;295,93;800;авг.25;;1775,59
Комплекс коммерческий Предприятие ПРОФ;Эксперт;7;217,9;261,48;800;авг.25;;1830,36
Комплекс коммерческий Предприятие ПРОФ;Эксперт;8;194,93;233,92;800;авг.25;;1871,33
Комплекс коммерческий Предприятие ПРОФ;Эксперт;9;177,49;212,99;800;авг.25;;1916,89
Комплекс коммерческий Предприятие ПРОФ;Эксперт;10;165,83;199;800;авг.25;;1989,96
Комплекс коммерческий Предприятие ПРОФ;Оптимальный;1;270,87;325,04;400;авг.25;;325,04
Комплекс коммерческий Предприятие ПРОФ;Оптимальный;2;225,09;270,11;400;авг.25;;540,22
Комплекс коммерческий Предприятие ПРОФ;Оптимальный;3;175,39;210,47;400;авг.25;;631,4
Комплекс коммерческий Предприятие ПРОФ;Оптимальный;4;151,86;182,23;400;авг.25;;728,93
Комплекс коммерческий Предприятие ПРОФ;Оптимальный;5;130,91;157,09;400;авг.25;;785,46
Комплекс коммерческий Предприятие ПРОФ;Оптимальный;6;115,53;138,64;400;авг.25;;831,82
Комплекс коммерческий Предприятие ПРОФ;Оптимальный;7;101,81;122,17;400;авг.25;;855,2
Комплекс коммерческий Предприятие ПРОФ;Оптимальный;8;90,89;109,07;400;авг.25;;872,54
Комплекс коммерческий Предприятие ПРОФ;Оптимальный;9;82,52;99,02;400;авг.25;;891,22
Комплекс коммерческий Предприятие ПРОФ;Оптимальный;10;76,88;92,26;400;авг.25;;922,56
Комплекс коммерческий Предприятие ПРОФ;Минимальный;1;46,87;56,24;60;авг.25;;56,24
Комплекс коммерческий Предприятие ПРОФ;Минимальный;2;42,99;51,59;60;авг.25;;103,18
Комплекс коммерческий Предприятие ПРОФ;Минимальный;3;39,44;47,33;60;авг.25;;141,98
Комплекс коммерческий Предприятие ПРОФ;Минимальный;4;36,11;43,33;60;авг.25;;173,33
Комплекс коммерческий Предприятие ПРОФ;Минимальный;5;33,12;39,74;60;авг.25;;198,72
Комплекс коммерческий Предприятие ПРОФ;Минимальный;6;30,39;36,47;60;авг.25;;218,81
Комплекс коммерческий Предприятие ПРОФ;Минимальный;7;27,34;32,81;60;авг.25;;229,66
Комплекс коммерческий Предприятие ПРОФ;Минимальный;8;24,58;29,5;60;авг.25;;235,97
Комплекс коммерческий Предприятие ПРОФ;Минимальный;9;22,16;26,59;60;авг.25;;239,33
Комплекс коммерческий Предприятие ПРОФ;Минимальный;10;20,19;24,23;60;авг.25;;242,28
Комплекс коммерческий VIP Предприятие;Эксперт;1;722,17;866,6;800;авг.25;;866,6
Комплекс коммерческий VIP Предприятие;Эксперт;2;639,21;767,05;800;авг.25;;1534,1
Комплекс коммерческий VIP Предприятие;Эксперт;3;565,78;678,94;800;авг.25;;2036,81
Комплекс коммерческий VIP Предприятие;Эксперт;4;500,75;600,9;800;авг.25;;2403,6
Комплекс коммерческий VIP Предприятие;Эксперт;5;443,13;531,76;800;авг.25;;2658,78
Комплекс коммерческий VIP Предприятие;Эксперт;6;392,03;470,44;800;авг.25;;2822,62
Комплекс коммерческий VIP Предприятие;Эксперт;7;346,56;415,87;800;авг.25;;2911,1
Комплекс коммерческий VIP Предприятие;Эксперт;8;310,06;372,07;800;авг.25;;2976,58
Комплекс коммерческий VIP Предприятие;Эксперт;9;282,08;338,5;800;авг.25;;3046,46
Комплекс коммерческий VIP Предприятие;Эксперт;10;263,48;316,18;800;авг.25;;3161,76
Комплекс коммерческий VIP Предприятие;Оптимальный;1;446,26;535,51;400;авг.25;;535,51
Комплекс коммерческий VIP Предприятие;Оптимальный;2;394,1;472,92;400;авг.25;;945,84
Комплекс коммерческий VIP Предприятие;Оптимальный;3;347,98;417,58;400;авг.25;;1252,73
Комплекс коммерческий VIP Предприятие;Оптимальный;4;307,23;368,68;400;авг.25;;1474,7
Комплекс коммерческий VIP Предприятие;Оптимальный;5;271,2;325,44;400;авг.25;;1627,2
Комплекс коммерческий VIP Предприятие;Оптимальный;6;239,38;287,26;400;авг.25;;1723,54
Комплекс коммерческий VIP Предприятие;Оптимальный;7;211,06;253,27;400;авг.25;;1772,9
Комплекс коммерческий VIP Предприятие;Оптимальный;8;188,36;226,03;400;авг.25;;1808,26
Комплекс коммерческий VIP Предприятие;Оптимальный;9;171,01;205,21;400;авг.25;;1846,91
Комплекс коммерческий VIP Предприятие;Оптимальный;10;159,33;191,2;400;авг.25;;1911,96
Комплекс коммерческий VIP Предприятие;Минимальный;1;54,51;65,41;60;авг.25;;65,41
Комплекс коммерческий VIP Предприятие;Минимальный;2;49,98;59,98;60;авг.25;;119,95
Комплекс коммерческий VIP Предприятие;Минимальный;3;45,8;54,96;60;авг.25;;164,88
Комплекс коммерческий VIP Предприятие;Минимальный;4;42,04;50,45;60;авг.25;;201,79
Комплекс коммерческий VIP Предприятие;Минимальный;5;38,52;46,22;60;авг.25;;231,12
Комплекс коммерческий VIP Предприятие;Минимальный;6;35,33;42,4;60;авг.25;;254,38
Комплекс коммерческий VIP Предприятие;Минимальный;7;31,81;38,17;60;авг.25;;267,2
Комплекс коммерческий VIP Предприятие;Минимальный;8;28,62;34,34;60;авг.25;;274,75
Комплекс коммерческий VIP Предприятие;Минимальный;9;25,76;30,91;60;авг.25;;278,21
Комплекс коммерческий VIP Предприятие;Минимальный;10;23,44;28,13;60;авг.25;;281,28
Доппакет МВ Комплекс;;;13,18;15,82;60;авг.25;;15,82
Комплекс коммерческий Главный Бухгалтер ПРОФ (1 пользователь);Эксперт;1;397,02;476,42;800;авг.25;;476,42
Комплекс коммерческий Предприятие (1 пользователь);Эксперт;1;504,24;605,09;800;авг.25;;605,09
Комплекс коммерческий Предприятие (1 пользователь);Оптимальный;1;199,21;239,05;400;авг.25;;239,05
Комплекс коммерческий Предприятие (1 пользователь);Минимальный;1;83,8;100,56;60;авг.25;;100,56
Комплекс коммерческий Предприятие ПРОФ (1 пользователь);Эксперт;1;923,76;1108,51;800;авг.25;;1108,51
Комплекс коммерческий Предприятие ПРОФ (1 пользователь);Оптимальный;1;356,13;427,36;400;авг.25;;427,36
Комплекс коммерческий Предприятие ПРОФ (1 пользователь);Минимальный;1;149,67;179,6;60;авг.25;;179,6
Комплекс коммерческий VIP Предприятие (1 пользователь);Эксперт;1;1873,09;2247,71;800;авг.25;;2247,71
Комплекс коммерческий VIP Предприятие (1 пользователь);Оптимальный;1;729,17;875;400;авг.25;;875
Комплекс коммерческий VIP Предприятие (1 пользователь);Минимальный;1;317,54;381,05;60;авг.25;;381,05
Доппакет ОВ Комплекс;;;12,79;15,35;60;авг.25;;15,35
Пакет Программ Главный Бухгалтер, Podpis (1 пользователь, ЛД);Эксперт;1;197,11;236,53;600;авг.25;;236,53
Пакет Программ Главный Бухгалтер, Podpis (1 пользователь, ЛД);Оптимальный Плюс;1;90,65;108,78;300/600;авг.25;;108,78
Пакет Программ Главный Бухгалтер, Podpis (1 пользователь, ЛД);Оптимальный;1;77,96;93,55;300;авг.25;;93,55
Пакет Программ Главный Бухгалтер, Podpis (1 пользователь, ЛД);Базовый;1;34,28;41,14;60;авг.25;;41,14
Пакет Программ Главный Бухгалтер ПРОФ, Podpis (1 пользователь, ЛД);Эксперт;1;397,02;476,42;800;авг.25;;476,42
Пакет Программ Главный Бухгалтер ПРОФ, Podpis (1 пользователь, ЛД);Оптимальный Плюс;1;197,07;236,48;400/800;авг.25;;236,48
Пакет Программ Главный Бухгалтер ПРОФ, Podpis (1 пользователь, ЛД);Оптимальный;1;169,75;203,7;400;авг.25;;203,7
Пакет Программ Главный Бухгалтер ПРОФ, Podpis (1 пользователь, ЛД);Базовый;1;70,83;85;60;авг.25;;85
Доппакет ЛД Podpis;;;12,79;15,35;60;авг.25;;15,35
Пакет Программ Главный Бухгалтер, Podpis, ilex.Накладные (1 пользователь, ЛД);Эксперт;1;197,11;236,53;600;авг.25;;236,53
Пакет Программ Главный Бухгалтер, Podpis, ilex.Накладные (1 пользователь, ЛД);Оптимальный Плюс;1;90,65;108,78;300/600;авг.25;;108,78
Пакет Программ Главный Бухгалтер, Podpis, ilex.Накладные (1 пользователь, ЛД);Оптимальный;1;77,96;93,55;300;авг.25;;93,55
Пакет Программ Главный Бухгалтер, Podpis, ilex.Накладные (1 пользователь, ЛД);Базовый;1;34,28;41,14;60;авг.25;;41,14
Пакет Программ Главный Бухгалтер ПРОФ, Podpis, ilex.Накладные (1 пользователь, ЛД);Эксперт;1;397,02;476,42;800;авг.25;;476,42
Пакет Программ Главный Бухгалтер ПРОФ, Podpis, ilex.Накладные (1 пользователь, ЛД);Оптимальный Плюс;1;197,07;236,48;400/800;авг.25;;236,48
Пакет Программ Главный Бухгалтер ПРОФ, Podpis, ilex.Накладные (1 пользователь, ЛД);Оптимальный;1;169,75;203,7;400;авг.25;;203,7
Пакет Программ Главный Бухгалтер ПРОФ, Podpis, ilex.Накладные (1 пользователь, ЛД);Базовый;1;70,83;85;60;авг.25;;85
Доппакет ЛД Накладные;;;12,79;15,35;60;авг.25;;15,35
Главный Бухгалтер ПРОФ;Эксперт;1;202,5;243;800;сен.25;;243
Главный Бухгалтер ПРОФ;Эксперт;2;168,84;202,61;800;сен.25;;405,22
Главный Бухгалтер ПРОФ;Эксперт;3;132,02;158,42;800;сен.25;;475,27
Главный Бухгалтер ПРОФ;Эксперт;4;114,65;137,58;800;сен.25;;550,32
Главный Бухгалтер ПРОФ;Эксперт;5;99,2;119,04;800;сен.25;;595,2
Главный Бухгалтер ПРОФ;Оптимальный;1;120,03;144,04;400;сен.25;;144,04
Главный Бухгалтер ПРОФ;Оптимальный;2;99,91;119,89;400;сен.25;;239,78
Главный Бухгалтер ПРОФ;Оптимальный;3;77,9;93,48;400;сен.25;;280,44
Главный Бухгалтер ПРОФ;Оптимальный;4;67,5;81;400;сен.25;;324
Главный Бухгалтер ПРОФ;Оптимальный;5;58,26;69,91;400;сен.25;;349,56
Главный Бухгалтер ПРОФ;Базовый;1;31,28;37,54;60;сен.25;;37,54
Главный Бухгалтер ПРОФ;Базовый;2;28,75;34,5;60;сен.25;;69
Главный Бухгалтер ПРОФ;Базовый;3;28,56;34,27;60;сен.25;;102,82
Предприятие;Эксперт;1;250,04;300,05;800;сен.25;;300,05
Предприятие;Эксперт;2;208,54;250,25;800;сен.25;;500,5
Предприятие;Эксперт;3;163,03;195,64;800;сен.25;;586,91
Предприятие;Эксперт;4;141,55;169,86;800;сен.25;;679,44
Предприятие;Эксперт;5;122,45;146,94;800;сен.25;;734,7
Предприятие;Эксперт;6;121,75;146,1;800;сен.25;;876,6
Предприятие;Эксперт;7;118,72;142,46;800;сен.25;;997,25
Предприятие;Эксперт;8;115,73;138,88;800;сен.25;;1111,01
Предприятие;Эксперт;9;112,84;135,41;800;сен.25;;1218,67
Предприятие;Эксперт;10;110,02;132,02;800;сен.25;;1320,24
Предприятие;Оптимальный;1;137,86;165,43;400;сен.25;;165,43
Предприятие;Оптимальный;2;114,66;137,59;400;сен.25;;275,18
Предприятие;Оптимальный;3;89,42;107,3;400;сен.25;;321,91
Предприятие;Оптимальный;4;77,45;92,94;400;сен.25;;371,76
Предприятие;Оптимальный;5;66,82;80,18;400;сен.25;;400,92
Предприятие;Оптимальный;6;66,45;79,74;400;сен.25;;478,44
Предприятие;Оптимальный;7;64,79;77,75;400;сен.25;;544,24
Предприятие;Оптимальный;8;63,18;75,82;400;сен.25;;606,53
Предприятие;Оптимальный;9;61,59;73,91;400;сен.25;;665,17
Предприятие;Оптимальный;10;60,07;72,08;400;сен.25;;720,84
Предприятие;Минимальный;1;36,16;43,39;60;сен.25;;43,39
Предприятие;Минимальный;2;33,21;39,85;60;сен.25;;79,7
Предприятие;Минимальный;3;33,02;39,62;60;сен.25;;118,87
Предприятие;Минимальный;4;32,87;39,44;60;сен.25;;157,78
Предприятие;Минимальный;5;32,65;39,18;60;сен.25;;195,9
Предприятие ПРОФ;Эксперт;1;577,54;693,05;800;сен.25;;693,05
Предприятие ПРОФ;Эксперт;2;481,69;578,03;800;сен.25;;1156,06
Предприятие ПРОФ;Эксперт;3;376,5;451,8;800;сен.25;;1355,4
Предприятие ПРОФ;Эксперт;4;327,06;392,47;800;сен.25;;1569,89
Предприятие ПРОФ;Эксперт;5;282,85;339,42;800;сен.25;;1697,1
Предприятие ПРОФ;Эксперт;6;250,56;300,67;800;сен.25;;1804,03
Предприятие ПРОФ;Эксперт;7;221,39;265,67;800;сен.25;;1859,68
Предприятие ПРОФ;Эксперт;8;198,05;237,66;800;сен.25;;1901,28
Предприятие ПРОФ;Эксперт;9;180,33;216,4;800;сен.25;;1947,56
Предприятие ПРОФ;Эксперт;10;168,48;202,18;800;сен.25;;2021,76
Предприятие ПРОФ;Оптимальный;1;272,77;327,32;400;сен.25;;327,32
Предприятие ПРОФ;Оптимальный;2;226,89;272,27;400;сен.25;;544,54
Предприятие ПРОФ;Оптимальный;3;176,97;212,36;400;сен.25;;637,09
Предприятие ПРОФ;Оптимальный;4;153,38;184,06;400;сен.25;;736,22
Предприятие ПРОФ;Оптимальный;5;132,35;158,82;400;сен.25;;794,1
Предприятие ПРОФ;Оптимальный;6;116,92;140,3;400;сен.25;;841,82
Предприятие ПРОФ;Оптимальный;7;103,03;123,64;400;сен.25;;865,45
Предприятие ПРОФ;Оптимальный;8;91,98;110,38;400;сен.25;;883,01
Предприятие ПРОФ;Оптимальный;9;83,51;100,21;400;сен.25;;901,91
Предприятие ПРОФ;Оптимальный;10;77,8;93,36;400;сен.25;;933,6
Предприятие ПРОФ;Минимальный;1;47,01;56,41;60;сен.25;;56,41
Предприятие ПРОФ;Минимальный;2;43,16;51,79;60;сен.25;;103,58
Предприятие ПРОФ;Минимальный;3;39,64;47,57;60;сен.25;;142,7
Предприятие ПРОФ;Минимальный;4;36,33;43,6;60;сен.25;;174,38
Предприятие ПРОФ;Минимальный;5;33,35;40,02;60;сен.25;;200,1
Предприятие ПРОФ;Минимальный;6;30,63;36,76;60;сен.25;;220,54
Предприятие ПРОФ;Минимальный;7;27,56;33,07;60;сен.25;;231,5
Предприятие ПРОФ;Минимальный;8;24,78;29,74;60;сен.25;;237,89
Предприятие ПРОФ;Минимальный;9;22,34;26,81;60;сен.25;;241,27
Предприятие ПРОФ;Минимальный;10;20,35;24,42;60;сен.25;;244,2
VIP Предприятие;Эксперт;1;730,84;877,01;800;сен.25;;877,01
VIP Предприятие;Эксперт;2;647,52;777,02;800;сен.25;;1554,05
VIP Предприятие;Эксперт;3;573,7;688,44;800;сен.25;;2065,32
VIP Предприятие;Эксперт;4;508,26;609,91;800;сен.25;;2439,65
VIP Предприятие;Эксперт;5;450,22;540,26;800;сен.25;;2701,32
VIP Предприятие;Эксперт;6;398,69;478,43;800;сен.25;;2870,57
VIP Предприятие;Эксперт;7;352,45;422,94;800;сен.25;;2960,58
VIP Предприятие;Эксперт;8;315,33;378,4;800;сен.25;;3027,17
VIP Предприятие;Эксперт;9;286,88;344,26;800;сен.25;;3098,3
VIP Предприятие;Эксперт;10;267,96;321,55;800;сен.25;;3215,52
VIP Предприятие;Оптимальный;1;449,83;539,8;400;сен.25;;539,8
VIP Предприятие;Оптимальный;2;397,65;477,18;400;сен.25;;954,36
VIP Предприятие;Оптимальный;3;351,46;421,75;400;сен.25;;1265,26
VIP Предприятие;Оптимальный;4;310,61;372,73;400;сен.25;;1490,93
VIP Предприятие;Оптимальный;5;274,45;329,34;400;сен.25;;1646,7
VIP Предприятие;Оптимальный;6;242,49;290,99;400;сен.25;;1745,93
VIP Предприятие;Оптимальный;7;213,8;256,56;400;сен.25;;1795,92
VIP Предприятие;Оптимальный;8;190,81;228,97;400;сен.25;;1831,78
VIP Предприятие;Оптимальный;9;173,23;207,88;400;сен.25;;1870,88
VIP Предприятие;Оптимальный;10;161,4;193,68;400;сен.25;;1936,8
VIP Предприятие;Минимальный;1;54,73;65,68;60;сен.25;;65,68
VIP Предприятие;Минимальный;2;50,23;60,28;60;сен.25;;120,55
VIP Предприятие;Минимальный;3;46,07;55,28;60;сен.25;;165,85
VIP Предприятие;Минимальный;4;42,33;50,8;60;сен.25;;203,18
VIP Предприятие;Минимальный;5;38,83;46,6;60;сен.25;;232,98
VIP Предприятие;Минимальный;6;35,65;42,78;60;сен.25;;256,68
VIP Предприятие;Минимальный;7;32,1;38,52;60;сен.25;;269,64
VIP Предприятие;Минимальный;8;28,88;34,66;60;сен.25;;277,25
VIP Предприятие;Минимальный;9;25,99;31,19;60;сен.25;;280,69
VIP Предприятие;Минимальный;10;23,65;28,38;60;сен.25;;283,8
Доппакет НМВ;;;13,4;16,08;60;сен.25;;16,08
Главный Бухгалтер ПРОФ (1 пользователь);Эксперт;1;400,2;480,24;800;сен.25;;480,24
Предприятие (1 пользователь);Эксперт;1;509,28;611,14;800;сен.25;;611,14
Предприятие (1 пользователь);Оптимальный;1;200,41;240,49;400;сен.25;;240,49
Предприятие (1 пользователь);Минимальный;1;83,97;100,76;60;сен.25;;100,76
Предприятие ПРОФ (1 пользователь);Эксперт;1;933,92;1120,7;800;сен.25;;1120,7
Предприятие ПРОФ (1 пользователь);Оптимальный;1;358,62;430,34;400;сен.25;;430,34
Предприятие ПРОФ (1 пользователь);Минимальный;1;150,12;180,14;60;сен.25;;180,14
VIP Предприятие (1 пользователь);Эксперт;1;1895,57;2274,68;800;сен.25;;2274,68
VIP Предприятие (1 пользователь);Оптимальный;1;735;882;400;сен.25;;882
VIP Предприятие (1 пользователь);Минимальный;1;318,81;382,57;60;сен.25;;382,57
Доппакет НОВ;;;13,01;15,61;60;сен.25;;15,61
Комплекс коммерческий Главный Бухгалтер ПРОФ;Эксперт;1;202,5;243;800;сен.25;;243
Комплекс коммерческий Главный Бухгалтер ПРОФ;Эксперт;2;168,84;202,61;800;сен.25;;405,22
Комплекс коммерческий Главный Бухгалтер ПРОФ;Эксперт;3;132,02;158,42;800;сен.25;;475,27
Комплекс коммерческий Главный Бухгалтер ПРОФ;Эксперт;4;114,65;137,58;800;сен.25;;550,32
Комплекс коммерческий Главный Бухгалтер ПРОФ;Эксперт;5;99,2;119,04;800;сен.25;;595,2
Комплекс коммерческий Главный Бухгалтер ПРОФ;Оптимальный;1;120,03;144,04;400;сен.25;;144,04
Комплекс коммерческий Главный Бухгалтер ПРОФ;Оптимальный;2;99,91;119,89;400;сен.25;;239,78
Комплекс коммерческий Главный Бухгалтер ПРОФ;Оптимальный;3;77,9;93,48;400;сен.25;;280,44
Комплекс коммерческий Главный Бухгалтер ПРОФ;Оптимальный;4;67,5;81;400;сен.25;;324
Комплекс коммерческий Главный Бухгалтер ПРОФ;Оптимальный;5;58,26;69,91;400;сен.25;;349,56
Комплекс коммерческий Главный Бухгалтер ПРОФ;Базовый;1;31,28;37,54;60;сен.25;;37,54
Комплекс коммерческий Главный Бухгалтер ПРОФ;Базовый;2;28,75;34,5;60;сен.25;;69
Комплекс коммерческий Главный Бухгалтер ПРОФ;Базовый;3;28,56;34,27;60;сен.25;;102,82
Комплекс коммерческий Предприятие;Эксперт;1;250,04;300,05;800;сен.25;;300,05
Комплекс коммерческий Предприятие;Эксперт;2;208,54;250,25;800;сен.25;;500,5
Комплекс коммерческий Предприятие;Эксперт;3;163,03;195,64;800;сен.25;;586,91
Комплекс коммерческий Предприятие;Эксперт;4;141,55;169,86;800;сен.25;;679,44
Комплекс коммерческий Предприятие;Эксперт;5;122,45;146,94;800;сен.25;;734,7
Комплекс коммерческий Предприятие;Эксперт;6;121,75;146,1;800;сен.25;;876,6
Комплекс коммерческий Предприятие;Эксперт;7;118,72;142,46;800;сен.25;;997,25
Комплекс коммерческий Предприятие;Эксперт;8;115,73;138,88;800;сен.25;;1111,01
Комплекс коммерческий Предприятие;Эксперт;9;112,84;135,41;800;сен.25;;1218,67
Комплекс коммерческий Предприятие;Эксперт;10;110,02;132,02;800;сен.25;;1320,24
Комплекс коммерческий Предприятие;Оптимальный;1;137,86;165,43;400;сен.25;;165,43
Комплекс коммерческий Предприятие;Оптимальный;2;114,66;137,59;400;сен.25;;275,18
Комплекс коммерческий Предприятие;Оптимальный;3;89,42;107,3;400;сен.25;;321,91
Комплекс коммерческий Предприятие;Оптимальный;4;77,45;92,94;400;сен.25;;371,76
Комплекс коммерческий Предприятие;Оптимальный;5;66,82;80,18;400;сен.25;;400,92
Комплекс коммерческий Предприятие;Оптимальный;6;66,45;79,74;400;сен.25;;478,44
Комплекс коммерческий Предприятие;Оптимальный;7;64,79;77,75;400;сен.25;;544,24
Комплекс коммерческий Предприятие;Оптимальный;8;63,18;75,82;400;сен.25;;606,53
Комплекс коммерческий Предприятие;Оптимальный;9;61,59;73,91;400;сен.25;;665,17
Комплекс коммерческий Предприятие;Оптимальный;10;60,07;72,08;400;сен.25;;720,84
Комплекс коммерческий Предприятие;Минимальный;1;36,16;43,39;60;сен.25;;43,39
Комплекс коммерческий Предприятие;Минимальный;2;33,21;39,85;60;сен.25;;79,7
Комплекс коммерческий Предприятие;Минимальный;3;33,02;39,62;60;сен.25;;118,87
Комплекс коммерческий Предприятие;Минимальный;4;32,87;39,44;60;сен.25;;157,78
Комплекс коммерческий Предприятие;Минимальный;5;32,65;39,18;60;сен.25;;195,9
Комплекс коммерческий Предприятие ПРОФ;Эксперт;1;577,54;693,05;800;сен.25;;693,05
Комплекс коммерческий Предприятие ПРОФ;Эксперт;2;481,69;578,03;800;сен.25;;1156,06
Комплекс коммерческий Предприятие ПРОФ;Эксперт;3;376,5;451,8;800;сен.25;;1355,4
Комплекс коммерческий Предприятие ПРОФ;Эксперт;4;327,06;392,47;800;сен.25;;1569,89
Комплекс коммерческий Предприятие ПРОФ;Эксперт;5;282,85;339,42;800;сен.25;;1697,1
Комплекс коммерческий Предприятие ПРОФ;Эксперт;6;250,56;300,67;800;сен.25;;1804,03
Комплекс коммерческий Предприятие ПРОФ;Эксперт;7;221,39;265,67;800;сен.25;;1859,68
Комплекс коммерческий Предприятие ПРОФ;Эксперт;8;198,05;237,66;800;сен.25;;1901,28
Комплекс коммерческий Предприятие ПРОФ;Эксперт;9;180,33;216,4;800;сен.25;;1947,56
Комплекс коммерческий Предприятие ПРОФ;Эксперт;10;168,48;202,18;800;сен.25;;2021,76
Комплекс коммерческий Предприятие ПРОФ;Оптимальный;1;272,77;327,32;400;сен.25;;327,32
Комплекс коммерческий Предприятие ПРОФ;Оптимальный;2;226,89;272,27;400;сен.25;;544,54
Комплекс коммерческий Предприятие ПРОФ;Оптимальный;3;176,97;212,36;400;сен.25;;637,09
Комплекс коммерческий Предприятие ПРОФ;Оптимальный;4;153,38;184,06;400;сен.25;;736,22
Комплекс коммерческий Предприятие ПРОФ;Оптимальный;5;132,35;158,82;400;сен.25;;794,1
Комплекс коммерческий Предприятие ПРОФ;Оптимальный;6;116,92;140,3;400;сен.25;;841,82
Комплекс коммерческий Предприятие ПРОФ;Оптимальный;7;103,03;123,64;400;сен.25;;865,45
Комплекс коммерческий Предприятие ПРОФ;Оптимальный;8;91,98;110,38;400;сен.25;;883,01
Комплекс коммерческий Предприятие ПРОФ;Оптимальный;9;83,51;100,21;400;сен.25;;901,91
Комплекс коммерческий Предприятие ПРОФ;Оптимальный;10;77,8;93,36;400;сен.25;;933,6
Комплекс коммерческий Предприятие ПРОФ;Минимальный;1;47,01;56,41;60;сен.25;;56,41
Комплекс коммерческий Предприятие ПРОФ;Минимальный;2;43,16;51,79;60;сен.25;;103,58
Комплекс коммерческий Предприятие ПРОФ;Минимальный;3;39,64;47,57;60;сен.25;;142,7
Комплекс коммерческий Предприятие ПРОФ;Минимальный;4;36,33;43,6;60;сен.25;;174,38
Комплекс коммерческий Предприятие ПРОФ;Минимальный;5;33,35;40,02;60;сен.25;;200,1
Комплекс коммерческий Предприятие ПРОФ;Минимальный;6;30,63;36,76;60;сен.25;;220,54
Комплекс коммерческий Предприятие ПРОФ;Минимальный;7;27,56;33,07;60;сен.25;;231,5
Комплекс коммерческий Предприятие ПРОФ;Минимальный;8;24,78;29,74;60;сен.25;;237,89
Комплекс коммерческий Предприятие ПРОФ;Минимальный;9;22,34;26,81;60;сен.25;;241,27
Комплекс коммерческий Предприятие ПРОФ;Минимальный;10;20,35;24,42;60;сен.25;;244,2
Комплекс коммерческий VIP Предприятие;Эксперт;1;730,84;877,01;800;сен.25;;877,01
Комплекс коммерческий VIP Предприятие;Эксперт;2;647,52;777,02;800;сен.25;;1554,05
Комплекс коммерческий VIP Предприятие;Эксперт;3;573,7;688,44;800;сен.25;;2065,32
Комплекс коммерческий VIP Предприятие;Эксперт;4;508,26;609,91;800;сен.25;;2439,65
Комплекс коммерческий VIP Предприятие;Эксперт;5;450,22;540,26;800;сен.25;;2701,32
Комплекс коммерческий VIP Предприятие;Эксперт;6;398,69;478,43;800;сен.25;;2870,57
Комплекс коммерческий VIP Предприятие;Эксперт;7;352,45;422,94;800;сен.25;;2960,58
Комплекс коммерческий VIP Предприятие;Эксперт;8;315,33;378,4;800;сен.25;;3027,17
Комплекс коммерческий VIP Предприятие;Эксперт;9;286,88;344,26;800;сен.25;;3098,3
Комплекс коммерческий VIP Предприятие;Эксперт;10;267,96;321,55;800;сен.25;;3215,52
Комплекс коммерческий VIP Предприятие;Оптимальный;1;449,83;539,8;400;сен.25;;539,8
Комплекс коммерческий VIP Предприятие;Оптимальный;2;397,65;477,18;400;сен.25;;954,36
Комплекс коммерческий VIP Предприятие;Оптимальный;3;351,46;421,75;400;сен.25;;1265,26
Комплекс коммерческий VIP Предприятие;Оптимальный;4;310,61;372,73;400;сен.25;;1490,93
Комплекс коммерческий VIP Предприятие;Оптимальный;5;274,45;329,34;400;сен.25;;1646,7
Комплекс коммерческий VIP Предприятие;Оптимальный;6;242,49;290,99;400;сен.25;;1745,93
Комплекс коммерческий VIP Предприятие;Оптимальный;7;213,8;256,56;400;сен.25;;1795,92
Комплекс коммерческий VIP Предприятие;Оптимальный;8;190,81;228,97;400;сен.25;;1831,78
Комплекс коммерческий VIP Предприятие;Оптимальный;9;173,23;207,88;400;сен.25;;1870,88
Комплекс коммерческий VIP Предприятие;Оптимальный;10;161,4;193,68;400;сен.25;;1936,8
Комплекс коммерческий VIP Предприятие;Минимальный;1;54,73;65,68;60;сен.25;;65,68
Комплекс коммерческий VIP Предприятие;Минимальный;2;50,23;60,28;60;сен.25;;120,55
Комплекс коммерческий VIP Предприятие;Минимальный;3;46,07;55,28;60;сен.25;;165,85
Комплекс коммерческий VIP Предприятие;Минимальный;4;42,33;50,8;60;сен.25;;203,18
Комплекс коммерческий VIP Предприятие;Минимальный;5;38,83;46,6;60;сен.25;;232,98
Комплекс коммерческий VIP Предприятие;Минимальный;6;35,65;42,78;60;сен.25;;256,68
Комплекс коммерческий VIP Предприятие;Минимальный;7;32,1;38,52;60;сен.25;;269,64
Комплекс коммерческий VIP Предприятие;Минимальный;8;28,88;34,66;60;сен.25;;277,25
Комплекс коммерческий VIP Предприятие;Минимальный;9;25,99;31,19;60;сен.25;;280,69
Комплекс коммерческий VIP Предприятие;Минимальный;10;23,65;28,38;60;сен.25;;283,8
Доппакет МВ Комплекс;;;13,4;16,08;60;сен.25;;16,08
Комплекс коммерческий Главный Бухгалтер ПРОФ (1 пользователь);Эксперт;1;400,2;480,24;800;сен.25;;480,24
Комплекс коммерческий Предприятие (1 пользователь);Эксперт;1;509,28;611,14;800;сен.25;;611,14
Комплекс коммерческий Предприятие (1 пользователь);Оптимальный;1;200,41;240,49;400;сен.25;;240,49
Комплекс коммерческий Предприятие (1 пользователь);Минимальный;1;83,97;100,76;60;сен.25;;100,76
Комплекс коммерческий Предприятие ПРОФ (1 пользователь);Эксперт;1;933,92;1120,7;800;сен.25;;1120,7
Комплекс коммерческий Предприятие ПРОФ (1 пользователь);Оптимальный;1;358,62;430,34;400;сен.25;;430,34
Комплекс коммерческий Предприятие ПРОФ (1 пользователь);Минимальный;1;150,12;180,14;60;сен.25;;180,14
Комплекс коммерческий VIP Предприятие (1 пользователь);Эксперт;1;1895,57;2274,68;800;сен.25;;2274,68
Комплекс коммерческий VIP Предприятие (1 пользователь);Оптимальный;1;735;882;400;сен.25;;882
Комплекс коммерческий VIP Предприятие (1 пользователь);Минимальный;1;318,81;382,57;60;сен.25;;382,57
Доппакет ОВ Комплекс;;;13,01;15,61;60;сен.25;;15,61
Пакет Программ Главный Бухгалтер, Podpis (1 пользователь, ЛД);Эксперт;1;197,11;236,53;600;сен.25;;236,53
Пакет Программ Главный Бухгалтер, Podpis (1 пользователь, ЛД);Оптимальный Плюс;1;91,01;109,21;300/600;сен.25;;109,21
Пакет Программ Главный Бухгалтер, Podpis (1 пользователь, ЛД);Оптимальный;1;78,27;93,92;300;сен.25;;93,92
Пакет Программ Главный Бухгалтер, Podpis (1 пользователь, ЛД);Базовый;1;34,31;41,17;60;сен.25;;41,17
Пакет Программ Главный Бухгалтер ПРОФ, Podpis (1 пользователь, ЛД);Эксперт;1;400,2;480,24;800;сен.25;;480,24
Пакет Программ Главный Бухгалтер ПРОФ, Podpis (1 пользователь, ЛД);Оптимальный Плюс;1;197,86;237,43;400/800;сен.25;;237,43
Пакет Программ Главный Бухгалтер ПРОФ, Podpis (1 пользователь, ЛД);Оптимальный;1;170,43;204,52;400;сен.25;;204,52
Пакет Программ Главный Бухгалтер ПРОФ, Podpis (1 пользователь, ЛД);Базовый;1;70,9;85,08;60;сен.25;;85,08
Доппакет ЛД Podpis;;;13,01;15,61;60;сен.25;;15,61
Пакет Программ Главный Бухгалтер, Podpis, ilex.Накладные (1 пользователь, ЛД);Эксперт;1;197,11;236,53;600;сен.25;;236,53
Пакет Программ Главный Бухгалтер, Podpis, ilex.Накладные (1 пользователь, ЛД);Оптимальный Плюс;1;91,01;109,21;300/600;сен.25;;109,21
Пакет Программ Главный Бухгалтер, Podpis, ilex.Накладные (1 пользователь, ЛД);Оптимальный;1;78,27;93,92;300;сен.25;;93,92
Пакет Программ Главный Бухгалтер, Podpis, ilex.Накладные (1 пользователь, ЛД);Базовый;1;34,31;41,17;60;сен.25;;41,17
Пакет Программ Главный Бухгалтер ПРОФ, Podpis, ilex.Накладные (1 пользователь, ЛД);Эксперт;1;400,2;480,24;800;сен.25;;480,24
Пакет Программ Главный Бухгалтер ПРОФ, Podpis, ilex.Накладные (1 пользователь, ЛД);Оптимальный Плюс;1;197,86;237,43;400/800;сен.25;;237,43
Пакет Программ Главный Бухгалтер ПРОФ, Podpis, ilex.Накладные (1 пользователь, ЛД);Оптимальный;1;170,43;204,52;400;сен.25;;204,52
Пакет Программ Главный Бухгалтер ПРОФ, Podpis, ilex.Накладные (1 пользователь, ЛД);Базовый;1;70,9;85,08;60;сен.25;;85,08
Доппакет ЛД Накладные;;;13,01;15,61;60;сен.25;;15,61
Главный Бухгалтер ПРОФ;Эксперт;1;197,34;236,81;800;июл.25;;236,81
Главный Бухгалтер ПРОФ;Эксперт;2;164,21;197,05;800;июл.25;;394,1
Главный Бухгалтер ПРОФ;Эксперт;3;128,15;153,78;800;июл.25;;461,34
Главный Бухгалтер ПРОФ;Эксперт;4;111,07;133,28;800;июл.25;;533,14
Главный Бухгалтер ПРОФ;Эксперт;5;95,91;115,09;800;июл.25;;575,46
Главный Бухгалтер ПРОФ;Оптимальный;1;117,9;141,48;400;июл.25;;141,48
Главный Бухгалтер ПРОФ;Оптимальный;2;97,94;117,53;400;июл.25;;235,06
Главный Бухгалтер ПРОФ;Оптимальный;3;76,22;91,46;400;июл.25;;274,39
Главный Бухгалтер ПРОФ;Оптимальный;4;65,91;79,09;400;июл.25;;316,37
Главный Бухгалтер ПРОФ;Оптимальный;5;56,78;68,14;400;июл.25;;340,68
Главный Бухгалтер ПРОФ;Базовый;1;30,91;37,09;60;июл.25;;37,09
Главный Бухгалтер ПРОФ;Базовый;2;28,35;34,02;60;июл.25;;68,04
Главный Бухгалтер ПРОФ;Базовый;3;28,1;33,72;60;июл.25;;101,16
Предприятие;Эксперт;1;242,71;291,25;800;июл.25;;291,25
Предприятие;Эксперт;2;202,03;242,44;800;июл.25;;484,87
Предприятие;Эксперт;3;157,63;189,16;800;июл.25;;567,47
Предприятие;Эксперт;4;136,59;163,91;800;июл.25;;655,63
Предприятие;Эксперт;5;117,93;141,52;800;июл.25;;707,58
Предприятие;Эксперт;6;117,02;140,42;800;июл.25;;842,54
Предприятие;Эксперт;7;114,12;136,94;800;июл.25;;958,61
Предприятие;Эксперт;8;111,24;133,49;800;июл.25;;1067,9
Предприятие;Эксперт;9;108,46;130,15;800;июл.25;;1171,37
Предприятие;Эксперт;10;105,75;126,9;800;июл.25;;1269
Предприятие;Оптимальный;1;134,88;161,86;400;июл.25;;161,86
Предприятие;Оптимальный;2;111,96;134,35;400;июл.25;;268,7
Предприятие;Оптимальный;3;87,14;104,57;400;июл.25;;313,7
Предприятие;Оптимальный;4;75,33;90,4;400;июл.25;;361,58
Предприятие;Оптимальный;5;64,86;77,83;400;июл.25;;389,16
Предприятие;Оптимальный;6;64,38;77,26;400;июл.25;;463,54
Предприятие;Оптимальный;7;62,77;75,32;400;июл.25;;527,27
Предприятие;Оптимальный;8;61,2;73,44;400;июл.25;;587,52
Предприятие;Оптимальный;9;59,67;71,6;400;июл.25;;644,44
Предприятие;Оптимальный;10;58,2;69,84;400;июл.25;;698,4
Предприятие;Минимальный;1;35,66;42,79;60;июл.25;;42,79
Предприятие;Минимальный;2;32,69;39,23;60;июл.25;;78,46
Предприятие;Минимальный;3;32,44;38,93;60;июл.25;;116,78
Предприятие;Минимальный;4;32,23;38,68;60;июл.25;;154,7
Предприятие;Минимальный;5;31,95;38,34;60;июл.25;;191,7
Предприятие ПРОФ;Эксперт;1;558,14;669,77;800;июл.25;;669,77
Предприятие ПРОФ;Эксперт;2;464,6;557,52;800;июл.25;;1115,04
Предприятие ПРОФ;Эксперт;3;362,43;434,92;800;июл.25;;1304,75
Предприятие ПРОФ;Эксперт;4;314,21;377,05;800;июл.25;;1508,21
Предприятие ПРОФ;Эксперт;5;271,21;325,45;800;июл.25;;1627,26
Предприятие ПРОФ;Эксперт;6;239,78;287,74;800;июл.25;;1726,42
Предприятие ПРОФ;Эксперт;7;211,86;254,23;800;июл.25;;1779,62
Предприятие ПРОФ;Эксперт;8;189,53;227,44;800;июл.25;;1819,49
Предприятие ПРОФ;Эксперт;9;172,57;207,08;800;июл.25;;1863,76
Предприятие ПРОФ;Эксперт;10;161,23;193,48;800;июл.25;;1934,76
Предприятие ПРОФ;Оптимальный;1;265,69;318,83;400;июл.25;;318,83
Предприятие ПРОФ;Оптимальный;2;220,57;264,68;400;июл.25;;529,37
Предприятие ПРОФ;Оптимальный;3;171,7;206,04;400;июл.25;;618,12
Предприятие ПРОФ;Оптимальный;4;148,52;178,22;400;июл.25;;712,9
Предприятие ПРОФ;Оптимальный;5;127,9;153,48;400;июл.25;;767,4
Предприятие ПРОФ;Оптимальный;6;112,77;135,32;400;июл.25;;811,94
Предприятие ПРОФ;Оптимальный;7;99,38;119,26;400;июл.25;;834,79
Предприятие ПРОФ;Оптимальный;8;88,72;106,46;400;июл.25;;851,71
Предприятие ПРОФ;Оптимальный;9;80,55;96,66;400;июл.25;;869,94
Предприятие ПРОФ;Оптимальный;10;75,04;90,05;400;июл.25;;900,48
Предприятие ПРОФ;Минимальный;1;46,15;55,38;60;июл.25;;55,38
Предприятие ПРОФ;Минимальный;2;42,29;50,75;60;июл.25;;101,5
Предприятие ПРОФ;Минимальный;3;38,76;46,51;60;июл.25;;139,54
Предприятие ПРОФ;Минимальный;4;35,45;42,54;60;июл.25;;170,16
Предприятие ПРОФ;Минимальный;5;32,49;38,99;60;июл.25;;194,94
Предприятие ПРОФ;Минимальный;6;29,78;35,74;60;июл.25;;214,42
Предприятие ПРОФ;Минимальный;7;26,79;32,15;60;июл.25;;225,04
Предприятие ПРОФ;Минимальный;8;24,09;28,91;60;июл.25;;231,26
Предприятие ПРОФ;Минимальный;9;21,71;26,05;60;июл.25;;234,47
Предприятие ПРОФ;Минимальный;10;19,78;23,74;60;июл.25;;237,36
VIP Предприятие;Эксперт;1;704,9;845,88;800;июл.25;;845,88
VIP Предприятие;Эксперт;2;623,32;747,98;800;июл.25;;1495,97
VIP Предприятие;Эксперт;3;551,17;661,4;800;июл.25;;1984,21
VIP Предприятие;Эксперт;4;487,35;584,82;800;июл.25;;2339,28
VIP Предприятие;Эксперт;5;430,85;517,02;800;июл.25;;2585,1
VIP Предприятие;Эксперт;6;380,8;456,96;800;июл.25;;2741,76
VIP Предприятие;Эксперт;7;336,63;403,96;800;июл.25;;2827,69
VIP Предприятие;Эксперт;8;301,18;361,42;800;июл.25;;2891,33
VIP Предприятие;Эксперт;9;274;328,8;800;июл.25;;2959,2
VIP Предприятие;Эксперт;10;255,93;307,12;800;июл.25;;3071,16
VIP Предприятие;Оптимальный;1;437,3;524,76;400;июл.25;;524,76
VIP Предприятие;Оптимальный;2;385,81;462,97;400;июл.25;;925,94
VIP Предприятие;Оптимальный;3;340,32;408,38;400;июл.25;;1225,15
VIP Предприятие;Оптимальный;4;300,18;360,22;400;июл.25;;1440,86
VIP Предприятие;Оптимальный;5;264,71;317,65;400;июл.25;;1588,26
VIP Предприятие;Оптимальный;6;233,43;280,12;400;июл.25;;1680,7
VIP Предприятие;Оптимальный;7;205,81;246,97;400;июл.25;;1728,8
VIP Предприятие;Оптимальный;8;183,68;220,42;400;июл.25;;1763,33
VIP Предприятие;Оптимальный;9;166,76;200,11;400;июл.25;;1801,01
VIP Предприятие;Оптимальный;10;155,37;186,44;400;июл.25;;1864,44
VIP Предприятие;Минимальный;1;53,63;64,36;60;июл.25;;64,36
VIP Предприятие;Минимальный;2;49,12;58,94;60;июл.25;;117,89
VIP Предприятие;Минимальный;3;44,97;53,96;60;июл.25;;161,89
VIP Предприятие;Минимальный;4;41,24;49,49;60;июл.25;;197,95
VIP Предприятие;Минимальный;5;37,75;45,3;60;июл.25;;226,5
VIP Предприятие;Минимальный;6;34,59;41,51;60;июл.25;;249,05
VIP Предприятие;Минимальный;7;31,14;37,37;60;июл.25;;261,58
VIP Предприятие;Минимальный;8;28,02;33,62;60;июл.25;;268,99
VIP Предприятие;Минимальный;9;25,22;30,26;60;июл.25;;272,38
VIP Предприятие;Минимальный;10;22,95;27,54;60;июл.25;;275,4
Доппакет НМВ;;;12,8;15,36;60;июл.25;;15,36
Главный Бухгалтер ПРОФ (1 пользователь);Эксперт;1;390;468;800;июл.25;;468
Предприятие (1 пользователь);Эксперт;1;494,35;593,22;800;июл.25;;593,22
Предприятие (1 пользователь);Оптимальный;1;196,07;235,28;400;июл.25;;235,28
Предприятие (1 пользователь);Минимальный;1;82,81;99,37;60;июл.25;;99,37
Предприятие ПРОФ (1 пользователь);Эксперт;1;902,55;1083,06;800;июл.25;;1083,06
Предприятие ПРОФ (1 пользователь);Оптимальный;1;349,32;419,18;400;июл.25;;419,18
Предприятие ПРОФ (1 пользователь);Минимальный;1;147,39;176,87;60;июл.25;;176,87
VIP Предприятие (1 пользователь);Эксперт;1;1828,3;2193,96;800;июл.25;;2193,96
VIP Предприятие (1 пользователь);Оптимальный;1;714,52;857,42;400;июл.25;;857,42
VIP Предприятие (1 пользователь);Минимальный;1;312,39;374,87;60;июл.25;;374,87
Доппакет НОВ;;;12,42;14,9;60;июл.25;;14,9
Комплекс коммерческий Главный Бухгалтер ПРОФ;Эксперт;1;197,34;236,81;800;июл.25;;236,81
Комплекс коммерческий Главный Бухгалтер ПРОФ;Эксперт;2;164,21;197,05;800;июл.25;;394,1
Комплекс коммерческий Главный Бухгалтер ПРОФ;Эксперт;3;128,15;153,78;800;июл.25;;461,34
Комплекс коммерческий Главный Бухгалтер ПРОФ;Эксперт;4;111,07;133,28;800;июл.25;;533,14
Комплекс коммерческий Главный Бухгалтер ПРОФ;Эксперт;5;95,91;115,09;800;июл.25;;575,46
Комплекс коммерческий Главный Бухгалтер ПРОФ;Оптимальный;1;117,9;141,48;400;июл.25;;141,48
Комплекс коммерческий Главный Бухгалтер ПРОФ;Оптимальный;2;97,94;117,53;400;июл.25;;235,06
Комплекс коммерческий Главный Бухгалтер ПРОФ;Оптимальный;3;76,22;91,46;400;июл.25;;274,39
Комплекс коммерческий Главный Бухгалтер ПРОФ;Оптимальный;4;65,91;79,09;400;июл.25;;316,37
Комплекс коммерческий Главный Бухгалтер ПРОФ;Оптимальный;5;56,78;68,14;400;июл.25;;340,68
Комплекс коммерческий Главный Бухгалтер ПРОФ;Базовый;1;30,91;37,09;60;июл.25;;37,09
Комплекс коммерческий Главный Бухгалтер ПРОФ;Базовый;2;28,35;34,02;60;июл.25;;68,04
Комплекс коммерческий Главный Бухгалтер ПРОФ;Базовый;3;28,1;33,72;60;июл.25;;101,16
Комплекс коммерческий Предприятие;Эксперт;1;242,71;291,25;800;июл.25;;291,25
Комплекс коммерческий Предприятие;Эксперт;2;202,03;242,44;800;июл.25;;484,87
Комплекс коммерческий Предприятие;Эксперт;3;157,63;189,16;800;июл.25;;567,47
Комплекс коммерческий Предприятие;Эксперт;4;136,59;163,91;800;июл.25;;655,63
Комплекс коммерческий Предприятие;Эксперт;5;117,93;141,52;800;июл.25;;707,58
Комплекс коммерческий Предприятие;Эксперт;6;117,02;140,42;800;июл.25;;842,54
Комплекс коммерческий Предприятие;Эксперт;7;114,12;136,94;800;июл.25;;958,61
Комплекс коммерческий Предприятие;Эксперт;8;111,24;133,49;800;июл.25;;1067,9
Комплекс коммерческий Предприятие;Эксперт;9;108,46;130,15;800;июл.25;;1171,37
Комплекс коммерческий Предприятие;Эксперт;10;105,75;126,9;800;июл.25;;1269
Комплекс коммерческий Предприятие;Оптимальный;1;134,88;161,86;400;июл.25;;161,86
Комплекс коммерческий Предприятие;Оптимальный;2;111,96;134,35;400;июл.25;;268,7
Комплекс коммерческий Предприятие;Оптимальный;3;87,14;104,57;400;июл.25;;313,7
Комплекс коммерческий Предприятие;Оптимальный;4;75,33;90,4;400;июл.25;;361,58
Комплекс коммерческий Предприятие;Оптимальный;5;64,86;77,83;400;июл.25;;389,16
Комплекс коммерческий Предприятие;Оптимальный;6;64,38;77,26;400;июл.25;;463,54
Комплекс коммерческий Предприятие;Оптимальный;7;62,77;75,32;400;июл.25;;527,27
Комплекс коммерческий Предприятие;Оптимальный;8;61,2;73,44;400;июл.25;;587,52
Комплекс коммерческий Предприятие;Оптимальный;9;59,67;71,6;400;июл.25;;644,44
Комплекс коммерческий Предприятие;Оптимальный;10;58,2;69,84;400;июл.25;;698,4
Комплекс коммерческий Предприятие;Минимальный;1;35,66;42,79;60;июл.25;;42,79
Комплекс коммерческий Предприятие;Минимальный;2;32,69;39,23;60;июл.25;;78,46
Комплекс коммерческий Предприятие;Минимальный;3;32,44;38,93;60;июл.25;;116,78
Комплекс коммерческий Предприятие;Минимальный;4;32,23;38,68;60;июл.25;;154,7
Комплекс коммерческий Предприятие;Минимальный;5;31,95;38,34;60;июл.25;;191,7
Комплекс коммерческий Предприятие ПРОФ;Эксперт;1;558,14;669,77;800;июл.25;;669,77
Комплекс коммерческий Предприятие ПРОФ;Эксперт;2;464,6;557,52;800;июл.25;;1115,04
Комплекс коммерческий Предприятие ПРОФ;Эксперт;3;362,43;434,92;800;июл.25;;1304,75
Комплекс коммерческий Предприятие ПРОФ;Эксперт;4;314,21;377,05;800;июл.25;;1508,21
Комплекс коммерческий Предприятие ПРОФ;Эксперт;5;271,21;325,45;800;июл.25;;1627,26
Комплекс коммерческий Предприятие ПРОФ;Эксперт;6;239,78;287,74;800;июл.25;;1726,42
Комплекс коммерческий Предприятие ПРОФ;Эксперт;7;211,86;254,23;800;июл.25;;1779,62
Комплекс коммерческий Предприятие ПРОФ;Эксперт;8;189,53;227,44;800;июл.25;;1819,49
Комплекс коммерческий Предприятие ПРОФ;Эксперт;9;172,57;207,08;800;июл.25;;1863,76
Комплекс коммерческий Предприятие ПРОФ;Эксперт;10;161,23;193,48;800;июл.25;;1934,76
Комплекс коммерческий Предприятие ПРОФ;Оптимальный;1;265,69;318,83;400;июл.25;;318,83
Комплекс коммерческий Предприятие ПРОФ;Оптимальный;2;220,57;264,68;400;июл.25;;529,37
Комплекс коммерческий Предприятие ПРОФ;Оптимальный;3;171,7;206,04;400;июл.25;;618,12
Комплекс коммерческий Предприятие ПРОФ;Оптимальный;4;148,52;178,22;400;июл.25;;712,9
Комплекс коммерческий Предприятие ПРОФ;Оптимальный;5;127,9;153,48;400;июл.25;;767,4
Комплекс коммерческий Предприятие ПРОФ;Оптимальный;6;112,77;135,32;400;июл.25;;811,94
Комплекс коммерческий Предприятие ПРОФ;Оптимальный;7;99,38;119,26;400;июл.25;;834,79
Комплекс коммерческий Предприятие ПРОФ;Оптимальный;8;88,72;106,46;400;июл.25;;851,71
Комплекс коммерческий Предприятие ПРОФ;Оптимальный;9;80,55;96,66;400;июл.25;;869,94
Комплекс коммерческий Предприятие ПРОФ;Оптимальный;10;75,04;90,05;400;июл.25;;900,48
Комплекс коммерческий Предприятие ПРОФ;Минимальный;1;46,15;55,38;60;июл.25;;55,38
Комплекс коммерческий Предприятие ПРОФ;Минимальный;2;42,29;50,75;60;июл.25;;101,5
Комплекс коммерческий Предприятие ПРОФ;Минимальный;3;38,76;46,51;60;июл.25;;139,54
Комплекс коммерческий Предприятие ПРОФ;Минимальный;4;35,45;42,54;60;июл.25;;170,16
Комплекс коммерческий Предприятие ПРОФ;Минимальный;5;32,49;38,99;60;июл.25;;194,94
Комплекс коммерческий Предприятие ПРОФ;Минимальный;6;29,78;35,74;60;июл.25;;214,42
Комплекс коммерческий Предприятие ПРОФ;Минимальный;7;26,79;32,15;60;июл.25;;225,04
Комплекс коммерческий Предприятие ПРОФ;Минимальный;8;24,09;28,91;60;июл.25;;231,26
Комплекс коммерческий Предприятие ПРОФ;Минимальный;9;21,71;26,05;60;июл.25;;234,47
Комплекс коммерческий Предприятие ПРОФ;Минимальный;10;19,78;23,74;60;июл.25;;237,36
Комплекс коммерческий VIP Предприятие;Эксперт;1;704,9;845,88;800;июл.25;;845,88
Комплекс коммерческий VIP Предприятие;Эксперт;2;623,32;747,98;800;июл.25;;1495,97
Комплекс коммерческий VIP Предприятие;Эксперт;3;551,17;661,4;800;июл.25;;1984,21
Комплекс коммерческий VIP Предприятие;Эксперт;4;487,35;584,82;800;июл.25;;2339,28
Комплекс коммерческий VIP Предприятие;Эксперт;5;430,85;517,02;800;июл.25;;2585,1
Комплекс коммерческий VIP Предприятие;Эксперт;6;380,8;456,96;800;июл.25;;2741,76
Комплекс коммерческий VIP Предприятие;Эксперт;7;336,63;403,96;800;июл.25;;2827,69
Комплекс коммерческий VIP Предприятие;Эксперт;8;301,18;361,42;800;июл.25;;2891,33
Комплекс коммерческий VIP Предприятие;Эксперт;9;274;328,8;800;июл.25;;2959,2
Комплекс коммерческий VIP Предприятие;Эксперт;10;255,93;307,12;800;июл.25;;3071,16
Комплекс коммерческий VIP Предприятие;Оптимальный;1;437,3;524,76;400;июл.25;;524,76
Комплекс коммерческий VIP Предприятие;Оптимальный;2;385,81;462,97;400;июл.25;;925,94
Комплекс коммерческий VIP Предприятие;Оптимальный;3;340,32;408,38;400;июл.25;;1225,15
Комплекс коммерческий VIP Предприятие;Оптимальный;4;300,18;360,22;400;июл.25;;1440,86
Комплекс коммерческий VIP Предприятие;Оптимальный;5;264,71;317,65;400;июл.25;;1588,26
Комплекс коммерческий VIP Предприятие;Оптимальный;6;233,43;280,12;400;июл.25;;1680,7
Комплекс коммерческий VIP Предприятие;Оптимальный;7;205,81;246,97;400;июл.25;;1728,8
Комплекс коммерческий VIP Предприятие;Оптимальный;8;183,68;220,42;400;июл.25;;1763,33
Комплекс коммерческий VIP Предприятие;Оптимальный;9;166,76;200,11;400;июл.25;;1801,01
Комплекс коммерческий VIP Предприятие;Оптимальный;10;155,37;186,44;400;июл.25;;1864,44
Комплекс коммерческий VIP Предприятие;Минимальный;1;53,63;64,36;60;июл.25;;64,36
Комплекс коммерческий VIP Предприятие;Минимальный;2;49,12;58,94;60;июл.25;;117,89
Комплекс коммерческий VIP Предприятие;Минимальный;3;44,97;53,96;60;июл.25;;161,89
Комплекс коммерческий VIP Предприятие;Минимальный;4;41,24;49,49;60;июл.25;;197,95
Комплекс коммерческий VIP Предприятие;Минимальный;5;37,75;45,3;60;июл.25;;226,5
Комплекс коммерческий VIP Предприятие;Минимальный;6;34,59;41,51;60;июл.25;;249,05
Комплекс коммерческий VIP Предприятие;Минимальный;7;31,14;37,37;60;июл.25;;261,58
Комплекс коммерческий VIP Предприятие;Минимальный;8;28,02;33,62;60;июл.25;;268,99
Комплекс коммерческий VIP Предприятие;Минимальный;9;25,22;30,26;60;июл.25;;272,38
Комплекс коммерческий VIP Предприятие;Минимальный;10;22,95;27,54;60;июл.25;;275,4
Доппакет МВ Комплекс;;;12,8;15,36;60;июл.25;;15,36
Комплекс коммерческий Главный Бухгалтер ПРОФ (1 пользователь);Эксперт;1;390;468;800;июл.25;;468
Комплекс коммерческий Предприятие (1 пользователь);Эксперт;1;494,35;593,22;800;июл.25;;593,22
Комплекс коммерческий Предприятие (1 пользователь);Оптимальный;1;196,07;235,28;400;июл.25;;235,28
Комплекс коммерческий Предприятие (1 пользователь);Минимальный;1;82,81;99,37;60;июл.25;;99,37
Комплекс коммерческий Предприятие ПРОФ (1 пользователь);Эксперт;1;902,55;1083,06;800;июл.25;;1083,06
Комплекс коммерческий Предприятие ПРОФ (1 пользователь);Оптимальный;1;349,32;419,18;400;июл.25;;419,18
Комплекс коммерческий Предприятие ПРОФ (1 пользователь);Минимальный;1;147,39;176,87;60;июл.25;;176,87
Комплекс коммерческий VIP Предприятие (1 пользователь);Эксперт;1;1828,3;2193,96;800;июл.25;;2193,96
Комплекс коммерческий VIP Предприятие (1 пользователь);Оптимальный;1;714,52;857,42;400;июл.25;;857,42
Комплекс коммерческий VIP Предприятие (1 пользователь);Минимальный;1;312,39;374,87;60;июл.25;;374,87
Доппакет ОВ Комплекс;;;12,42;14,9;60;июл.25;;14,9
Пакет Программ Главный Бухгалтер, Podpis (1 пользователь, ЛД);Эксперт;1;197,11;236,53;600;июл.25;;236,53
Пакет Программ Главный Бухгалтер, Podpis (1 пользователь, ЛД);Оптимальный Плюс;1;89,4;107,28;300/600;июл.25;;107,28
Пакет Программ Главный Бухгалтер, Podpis (1 пользователь, ЛД);Оптимальный;1;76,88;92,26;300;июл.25;;92,26
Пакет Программ Главный Бухгалтер, Podpis (1 пользователь, ЛД);Базовый;1;33,91;40,69;60;июл.25;;40,69
Пакет Программ Главный Бухгалтер ПРОФ, Podpis (1 пользователь, ЛД);Эксперт;1;390;468;800;июл.25;;468
Пакет Программ Главный Бухгалтер ПРОФ, Podpis (1 пользователь, ЛД);Оптимальный Плюс;1;194,35;233,22;400/800;июл.25;;233,22
Пакет Программ Главный Бухгалтер ПРОФ, Podpis (1 пользователь, ЛД);Оптимальный;1;167,41;200,89;400;июл.25;;200,89
Пакет Программ Главный Бухгалтер ПРОФ, Podpis (1 пользователь, ЛД);Базовый;1;70,06;84,07;60;июл.25;;84,07
Доппакет ЛД Podpis;;;12,42;14,9;60;июл.25;;14,9
Пакет Программ Главный Бухгалтер, Podpis, ilex.Накладные (1 пользователь, ЛД);Эксперт;1;197,11;236,53;600;июл.25;;236,53
Пакет Программ Главный Бухгалтер, Podpis, ilex.Накладные (1 пользователь, ЛД);Оптимальный Плюс;1;89,4;107,28;300/600;июл.25;;107,28
Пакет Программ Главный Бухгалтер, Podpis, ilex.Накладные (1 пользователь, ЛД);Оптимальный;1;76,88;92,26;300;июл.25;;92,26
Пакет Программ Главный Бухгалтер, Podpis, ilex.Накладные (1 пользователь, ЛД);Базовый;1;33,91;40,69;60;июл.25;;40,69
Пакет Программ Главный Бухгалтер ПРОФ, Podpis, ilex.Накладные (1 пользователь, ЛД);Эксперт;1;390;468;800;июл.25;;468
Пакет Программ Главный Бухгалтер ПРОФ, Podpis, ilex.Накладные (1 пользователь, ЛД);Оптимальный Плюс;1;194,35;233,22;400/800;июл.25;;233,22
Пакет Программ Главный Бухгалтер ПРОФ, Podpis, ilex.Накладные (1 пользователь, ЛД);Оптимальный;1;167,41;200,89;400;июл.25;;200,89
Пакет Программ Главный Бухгалтер ПРОФ, Podpis, ilex.Накладные (1 пользователь, ЛД);Базовый;1;70,06;84,07;60;июл.25;;84,07
Доппакет ЛД Накладные;;;12,42;14,9;60;июл.25;;14,9
