Сервис,Кому,Законодательство,Формы,Контент,Аналитика,Нюансы,У1_Об,У2_Об,У3_Об,О1,О2,О3,Обращения,Консультации,Обучение_онлайн,Обучение_офлаайн,Заказ_РБ,Заказ_РФ,Заказ_ОГВ,Информирование,Аудиториумы,Круглые_столы,ЗВЭ,Подборки,Сообщество,ЭДО,Накладные,Закупки,Обращения.1,Консультации.1,Обучение_онлайн.1,Обучение_офлаайн.1,Заказ_РБ.1,Заказ_РФ.1,Заказ_ОГВ.1,Информирование.1,Аудиториумы.1,Круглые_столы.1,ЗВЭ.1,Подборки.1,Сообщество.1,ЭДО.1,Накладные.1,Закупки.1,Обращения.2,Консультации.2,Обучение_онлайн.2,Обучение_офлаайн.2,Заказ_РБ.2,Заказ_РФ.2,Заказ_ОГВ.2,Информирование.2,Аудиториумы.2,Круглые_столы.2,ЗВЭ.2,Подборки.2,Сообщество.2,ЭДО.2,Накладные.2,Закупки.2,Ценовое,У1,У2,У3,У1-1,У2-1,У3-1,У1-2,У2-2,У3-2,ПериодПредложения,Скидка,Предоплата,Период ФЦ,Польз_всего,К1,К2,К3,П1,П2,П3,КМ1,КМ2,КМ3,М1,М2,М3,Минуты_всего,Ст_1м,Ст_1м(скидка),Ст_период(скидка),СтФ_период,Скидка2,Предоплата2,Период ФЦ2,Польз_всего2,К12,К22,К32,П12,П22,П32,КМ12,КМ22,КМ32,М12,М22,М32,Минуты_всего2,Ст_1м2,Ст_1м(скидка)2,Ст_период(скидка)2,СтФ_период2,Скидка2.1,Предоплата2.1,Период ФЦ2.1,Польз_всего2.1,К12.1,К22.1,К32.1,П12.1,П22.1,П32.1,КМ12.1,КМ22.1,КМ32.1,М12.1,М22.1,М32.1,Минуты_всего2.1,Ст_1м2.1,Ст_1м(скидка)2.1,Ст_период(скидка)2.1,СтФ_период2.1,ФИО,Менеджер,Гор,Мрб,Адрес,Сайт,ДП_дата,ДП_сумма,Комплекс
Предприятие,"РУКОВОДИТЕЛЮ, БУХГАЛТЕРУ, ЮРИСТУ, ЭКОНОМИСТУ, 
СПЕЦИАЛИСТУ ПО КАДРАМ И ОХРАНЕ ТРУДА, ДЕЛОПРОИЗВОДИТЕЛЮ, ЭКОЛОГУ",Полная законодательная база,Более 44 500 форм и образцов документов,"Полная законодательная база

Более 44 500 форм и образцов документов","налогообложение;
организация и ведение бухучета и отчетности;
оплата труда и пособия;
порядок формирования цен и тарифов;
проведение наличных и безналичных расчетов;
валютное регулирование;
внешнеэкономическая деятельность;
консультации по различным видам деятельности.
Дополнительно: акцизы, единый налог для с/х производителей, налог на доходы от осуществления лотерейной деятельности, налог на игорный бизнес, оффшорный сбор, отчисление части прибыли РУП, плата за использование радиочастотного спектра, отчисления в фонд универсального обслуживания (резерв универсального обслуживания), налог за добычу (изъятие) природных ресурсов, утилизационный сбор, гербовый сбор (вексель).","Нюансы учета по видам деятельности (оптовой, розничной торговли, общепита, производства, строительства, различных услуг) и т.п.",,,,,,,,,,,,,,,,,,,,,,,,,,,,,,,,,,,,,,,,,,,,,,,,,,,,,,,Предлагаемый сервис ,,0.0,,,,,,,,00.00.2025,,,,"

",,,,,,,,,,,,,,,,,,,,,"

",,,,,,,,,,,,,,,,,,,,,"

",,,,,,,,,,,,,,,,,,ФИО,Ваш персональный менеджер,тел.: +375 (33) 350 28 28,моб.: +375 (00) 000 00 00,e-mail: ...@urspectr.info,www.ilex.by,01.09.2025,"16,08",
,,,,,,,,,,,,,,,,,,,,,,,,,,,,,,,,,,,,,,,,,,,,,,,,,,,,,,,,,,,,,,,,,,,,,,,,,,,,,,,,,,,,,,,,,,,,,,,,,,,,,,,,,,,,,,,,,,,,,,,,,,,,,,,,,,,,,,,,,,,,,,,
,,,,,,,,,,,,,Обращение в службу поддержки,Консультирование по формам Excel в ilex,Онлайн-обучение работе с ilex,Оффлайн-обучение работе с ilex для клиентов г. Минска,Заказ документов по зак-ву РБ,Заказ документов по зак-ву РФ,Заказ документов по зак-ву РБ (запрос в ОГВ),Информирование о новостях зак-ва и новинках ilex (рассылка на эл. адрес и/или Viber/Telegram),Аудиториумы ilex,Круглые столы,Задать Вопрос Эксперту,Заказ подборок документов,Сообщество ilex,Электронный документооборот (ЭДО) с использованием сервиса podpis.by,"Услуга по обработке данных с помощью Сервиса ""ilex.Накладные""",Profzakupki.by: онлайн-помощник для специалистов по закупке,Обращение в службу поддержки,Консультирование по формам Excel в ilex,Онлайн-обучение работе с ilex,Оффлайн-обучение работе с ilex для клиентов г. Минска,Заказ документов по зак-ву РБ,Заказ документов по зак-ву РФ,Заказ документов по зак-ву РБ (запрос в ОГВ),Информирование о новостях зак-ва и новинках ilex (рассылка на эл. адрес и/или Viber/Telegram),Аудиториумы ilex,Круглые столы,Задать Вопрос Эксперту,Заказ подборок документов,Сообщество ilex,Электронный документооборот (ЭДО) с использованием сервиса podpis.by,"Услуга по обработке данных с помощью Сервиса ""ilex.Накладные""",Profzakupki.by: онлайн-помощник для специалистов по закупке,Обращение в службу поддержки,Консультирование по формам Excel в ilex,Онлайн-обучение работе с ilex,Оффлайн-обучение работе с ilex для клиентов г. Минска,Заказ документов по зак-ву РБ,Заказ документов по зак-ву РФ,Заказ документов по зак-ву РБ (запрос в ОГВ),Информирование о новостях зак-ва и новинках ilex (рассылка на эл. адрес и/или Viber/Telegram),Аудиториумы ilex,Круглые столы,Задать Вопрос Эксперту,Заказ подборок документов,Сообщество ilex,Электронный документооборот (ЭДО) с использованием сервиса podpis.by,"Услуга по обработке данных с помощью Сервиса ""ilex.Накладные""",Profzakupki.by: онлайн-помощник для специалистов по закупке,,,,,,,,,,,,,,,,,,,,,,,,,,,,,,,,,,,,,,,,,,,,,,,,,,,,,,,,,,,,,,,,,,,,,,,,,,,,,,,,,,,
,,,,,,,,,,,,,70,71,72,73,74,75,76,77,78,79,80,81,82,68,69,83,70,71,72,73,74,75,76,77,78,79,80,81,82,68,69,83,70,71,72,73,74,75,76,77,78,79,80,81,82,68,69,83,,,,,,,,,,,,,,,,,,,,,,,,,,,,,,,,,,,,,,,,,,,,,,,,,,,,,,,,,,,,,,,,,,,,,,,,,,,,,,,,,,,
,,,,,,,ЭКСПЕРТ,ОПТИМАЛЬНЫЙ*,МИНИМАЛЬНЫЙ,,,,,,,,,,,,,,,,,,,,,,,,,,,,,,,,,,,,,,,,,,,,,,,,,,,,период действия предложения,,,,,,,,,,,,,,,,,,,,,,,,,,,,,,,,,,,,,,,,,,,,,,,,,,,,,,,,,,,,,,,,,,,,,,,,,,,,,,,,,,
,,,,,,,1,1,1,,,,,,,,,,,,,,,,,,,,,,,,,,,,,,,,,,,,,,,,,,,,,,,,,,,,,,,,,,,,,,,,,,,,,,,,,,,,,,,,,,,,,,,,,,,,,,,,,,,,,,,,,,,,,,,,,,,,,,,,,,,,,,,,,,,,,,
,,,,,,,1,1,,,,,,,,,,,,,,,,,,,,,,,,,,,,,,,,,,,,,,,,,,,,,,,,,,,,,,,,,,,,,,,,,,,,,,,,,,,,,,,,,,,,,,,,,,,,,,,,,,,,,,,,,,,,,,,,,,,,,,,,,,,,,,,,,,,,,,,
,,,,,,,1,,1,,,,,,,,,,,,,,,,,,,,,,,,,,,,,,,,,,,,,,,,,,,,,,,,,,,,,,,,,,,,,,,,,,,,,,,,,,,,,,,,,,,,,,,,,,,,,,,,,,,,,,,,,,,,,,,,,,,,,,,,,,,,,,,,,,,,,,
,,,,,,,1,,,,,,,,,,,,,,,,,,,,,,,,,,,,,,,,,,,,,,,,,,,,,,,,,,,,,,,,,,,,,,,,,,,,,,,,,,,,,,,,,,,,,,,,,,,,,,,,,,,,,,,,,,,,,,,,,,,,,,,,,,,,,,,,,,,,,,,,
,,,,,,,,1,1,,,,,,,,,,,,,,,,,,,,,,,,,,,,,,,,,,,,,,,,,,,,,,,,,,,,,,,,,,,,,,,,,,,,,,,,,,,,,,,,,,,,,,,,,,,,,,,,,,,,,,,,,,,,,,,,,,,,,,,,,,,,,,,,,,,,,,
,,,,,,,,1,,,,,,,,,,,,,,,,,,,,,,,,,,,,,,,,,,,,,,,,,,,,,,,,,,,,,,,,,,,,,,,,,,,,,,,,,,,,,,,,,,,,,,,,,,,,,,,,,,,,,,,,,,,,,,,,,,,,,,,,,,,,,,,,,,,,,,,
,,,,,,,,,1,,,,,,,,,,,,,,,,,,,,,,,,,,,,,,,,,,,,,,,,,,,,,,,,,,,,,,,,,,,,,,,,,,,,,,,,,,,,,,,,,,,,,,,,,,,,,,,,,,,,,,,,,,,,,,,,,,,,,,,,,,,,,,,,,,,,,,
